0,又见炊烟,1
0,又见炊烟,1
0,又见炊烟,1
0,不仅仅是喜欢,1
0,又见炊烟,1
0,又见炊烟,1
0,又见炊烟,1
0,又见炊烟,1
0,又见炊烟,1
0,又见炊烟,1
0,醉赤壿,1
0,醉赤壿,1
0,醉赤壿,1
0,醉赤壿,1
0,又见炊烟,1
0,背对背拥抿,6
0,背对背拥抿,6
0,饺子,1
0,新闻,1
0,新闻,1
0,新闻,1
0,新闻,1
0,烟火里的尘埃,1
0,烟火里的尘埃,1
0,我好想你,1
0,给你仿,1
0,又见炊烟,1
0,又见炊烟,1
0,不仅仅是喜欢,1
0,又见炊烟,1
0,又见炊烟,1
1,忘川,1
1,幻听,1
1,幻听,1
1,幻听,1
1,三生三世十里桃花,1
1,三生三世十里桃花,1
1,分手快乐,1
1,分手快乐,1
1,分手快乐,1
1,卖点,1
1,卖点,1
1,卖点,1
1,卖点,1
1,桃花,1
1,麦田守望耿,3
1,麦田守望耿,3
1,忘川,1
1,栀子花开,1
1,栀子花开,1
1,听你,1
1,听你,1
1,听你,1
1,听你,1
1,听你,1
1,幻听,1
1,幻听,1
1,十年,1
1,十年,1
1,麦田守望耿,3
1,麦田守望耿,3
1,麦田守望耿,3
1,麦田守望耿,3
1,麦田守望耿,3
1,麦田守望耿,3
1,麦田守望耿,3
1,麦田守望耿,3
1,麦田守望耿,3
1,麦田守望耿,3
1,麦田守望耿,3
1,麦田守望耿,3
1,麦田守望耿,3
1,麦田守望耿,3
1,麦田守望耿,3
1,麦田守望耿,3
1,麦田守望耿,3
1,麦田守望耿,3
1,相思风雨中,1
1,相思风雨中,1
1,相思风雨中,1
1,相思风雨中,1
1,相思风雨中,1
1,十年,1
1,十年,1
1,听你,1
1,下沙,1
1,下沙,1
1,下沙,1
1,邓紫棿,2
1,邓紫棿,2
1,宝宝,1
1,宝宝,1
1,宝宝,1
1,宝宝,1
1,麦田守望耿,3
1,曹操,1
1,曹操,1
1,曹操,1
1,曹操,1
1,曹操,1
1,曹操,1
1,曹操,1
1,放下,1
1,放下,1
1,放下,1
1,邓紫棿,2
1,邓紫棿,2
1,宝宝,1
1,邓紫棿,2
1,麦田守望耿,3
1,邓紫棿,2
1,羽毛,1
1,蓝色,1
1,凤囚凿,2
1,凤囚凿,2
1,独步天下,1
1,十二炿,1
1,十二炿,1
1,下沙,1
1,十二炿,1
1,邓紫棿,2
1,麦田守望耿,3
1,麦田守望耿,3
1,麦田守望耿,3
1,麦田守望耿,3
1,麦田守望耿,3
1,麦田守望耿,3
2,凉凉,4
2,忘情氿,84
2,凉凉,4
2,凉凉,4
2,忘情氿,84
2,凉凉,4
2,凉凉,4
2,忘情氿,84
2,凉凉,4
2,忘情氿,84
2,凉凉,4
2,忘情氿,84
2,凉凉,4
2,凉凉,4
2,凉凉,4
2,凉凉,4
2,凉凉,4
2,忘情氿,84
2,凉凉,4
2,一替,1
2,一替,1
2,再见只是陌生亿,3
2,不行,1
2,潜水,1
2,潜水,1
2,忘情氿,84
2,凉凉,4
2,凉凉,4
2,凉凉,4
2,光辉岁月,1
2,凉凉,4
2,凉凉,4
2,凉凉,4
2,凉凉,4
2,忘情氿,84
2,凉凉,4
2,凉凉,4
2,忘情氿,84
2,凉凉,4
2,凉凉,4
2,凉凉,4
2,忘情氿,84
2,凉凉,4
2,光辉岁月,1
2,偏偏喜欢使,1
2,凉凉,4
2,凉凉,4
2,凉凉,4
2,忘情氿,84
2,忘情氿,84
2,忘情氿,84
2,忘情氿,84
2,忘情氿,84
2,忘情氿,84
2,忘情氿,84
2,光辉岁月,1
2,忘情氿,84
2,忘情氿,84
2,忘情氿,84
2,忘情氿,84
2,忘情氿,84
2,忘情氿,84
2,偏偏喜欢使,1
2,偏偏喜欢使,1
2,忘情氿,84
2,偏偏喜欢使,1
2,凉凉,4
2,忘情氿,84
2,忘情氿,84
2,忘情氿,84
3,凉凉,1
3,凉凉,1
3,凉凉,1
3,一亿,1
3,凉凉,1
3,担心,1
3,凉凉,1
3,凉凉,1
3,凉凉,1
3,凉凉,1
3,凉凉,1
3,凉凉,1
3,凉凉,1
3,凉凉,1
3,凉凉,1
3,凉凉,1
3,凉凉,1
3,凉凉,1
3,凉凉,1
3,凉凉,1
3,凉凉,1
3,凉凉,1
3,凉凉,1
3,收藏,1
3,凉凉,1
3,凉凉,1
3,凉凉,1
3,凉凉,1
3,凉凉,1
3,凉凉,1
3,凉凉,1
3,凉凉,1
3,凉凉,1
3,收藏,1
4,又见炊烟,1
4,又见炊烟,1
4,又见炊烟,1
4,麦田守望耿,1
4,渡口,1
4,幻听,1
4,麦田守望耿,1
4,摇滚乿,1
4,幻听,1
4,渡口,1
4,麦田守望耿,1
4,又见炊烟,1
4,麦田守望耿,1
4,麦田守望耿,1
4,渡口,1
4,又见炊烟,1
4,麦田守望耿,1
4,渡口,1
4,麦田守望耿,1
4,麦田守望耿,1
4,成都,2
4,摇滚乿,1
4,摇滚乿,1
4,又见炊烟,1
4,麦田守望耿,1
4,第三丿,1
4,渡口,1
4,谢谢便,1
4,成都,2
4,幻听,1
4,麦田守望耿,1
4,点亮,1
4,麦田守望耿,1
4,成都,2
4,渡口,1
4,麦田守望耿,1
4,摇滚乿,1
4,幻听,1
4,麦田守望耿,1
4,摇滚乿,1
4,麦田守望耿,1
4,麦田守望耿,1
4,渡口,1
4,摇滚乿,1
4,摇滚乿,1
4,又见炊烟,1
4,麦田守望耿,1
4,幻听,1
4,渡口,1
4,渡口,1
4,麦田守望耿,1
4,摇滚乿,1
4,渡口,1
4,成都,2
4,渡口,1
4,麦田守望耿,1
4,摇滚乿,1
4,成都,2
4,又见炊烟,1
4,又见炊烟,1
4,麦田守望耿,1
4,摇滚乿,1
4,麦田守望耿,1
4,麦田守望耿,1
4,麦田守望耿,1
4,又见炊烟,1
4,麦田守望耿,1
4,麦田守望耿,1
4,麦田守望耿,1
4,成都,2
4,摇滚乿,1
4,成都,2
4,又见炊烟,1
4,摇滚乿,1
4,又见炊烟,1
4,渡口,1
4,麦田守望耿,1
4,成都,2
4,又见炊烟,1
4,成都,2
4,麦田守望耿,1
4,又见炊烟,1
4,成都,2
4,麦田守望耿,1
4,成都,2
4,渡口,1
5,忘情氿,114
5,你不懂我,1
5,凉凉,12
5,勇气,1
5,凉凉,12
5,西游,1
5,单车恋人,1
5,勉为其难,2
5,练习,1
5,火星,2
5,少女,1
5,纸短情长,2
5,凉凉,12
5,凉凉,12
5,凉凉,12
5,西游,1
5,凉凉,12
5,千年等一囿,1
5,凉凉,12
5,纸短情长,2
5,凉凉,12
5,忘情氿,114
5,一丿,1
5,这里,1
5,逆流成河,1
5,凉凉,12
5,忘情氿,114
5,忘情氿,114
5,忘情氿,114
5,纸短情长,2
5,忘情氿,114
5,凉凉,12
5,逆流成河,1
5,逆流成河,1
5,忘情氿,114
5,逆流成河,1
5,逆流成河,1
5,纸短情长,2
5,逆流成河,1
5,凉凉,12
5,忘情氿,114
5,逆流成河,1
5,忘情氿,114
5,退凿,1
5,勇气,1
5,朋友的名乿,1
5,逆流成河,1
5,凉凉,12
5,我的爱人,1
5,忘情氿,114
5,两年,1
5,凉凉,12
5,忘情氿,114
5,忘情氿,114
5,忘情氿,114
5,凉凉,12
5,凉凉,12
5,凉凉,12
5,一丿,1
5,双截棿,1
5,一丿,1
5,忘情氿,114
5,双截棿,1
5,双截棿,1
5,凉凉,12
5,一丿,1
5,忘情氿,114
5,忘情氿,114
5,刘德卿,1
5,凉凉,12
5,忘情氿,114
5,前任,1
5,一丿,1
5,凉凉,12
5,刘德卿,1
5,刘德卿,1
5,刘德卿,1
5,刘德卿,1
5,一丿,1
5,凉凉,12
5,一丿,1
5,凉凉,12
5,忘情氿,114
5,一丿,1
5,忘情氿,114
5,刘德卿,1
5,忘情氿,114
5,一丿,1
5,忘情氿,114
5,双截棿,1
5,忘情氿,114
5,忘情氿,114
5,一丿,1
5,凉凉,12
5,千年等一囿,1
5,刘德卿,1
5,忘情氿,114
5,千年等一囿,1
5,凉凉,12
5,凉凉,12
5,一丿,1
5,一丿,1
5,刘德卿,1
5,凉凉,12
5,刘德卿,1
5,凉凉,12
5,忘情氿,114
5,一丿,1
5,忘情氿,114
5,千年等一囿,1
5,凉凉,12
5,一丿,1
5,前任,1
5,一丿,1
5,凉凉,12
5,刘德卿,1
5,刘德卿,1
5,凉凉,12
5,冰雨,2
5,冰雨,2
5,凉凉,12
5,一丿,1
5,忘情氿,114
6,送你一朵玫瑰花,1
7,忘情氿,13
7,逆战,1
7,告白气球,11
7,告白气球,11
7,沙漠,1
7,摇滚,1
7,逆战,1
7,兰陵玿,4
7,摇滚,1
7,逆战,1
7,麦田守望耿,1
7,逆战,1
7,张碧晿,2
7,凉凉,1
7,麦田守望耿,1
7,告白气球,11
7,麦田守望耿,1
7,欢乐,1
7,兰陵玿,4
7,告白气球,11
7,告白气球,11
7,忘情氿,13
7,放了,1
7,告白气球,11
7,放了,1
7,麦田守望耿,1
7,凉凉,1
7,凉凉,1
7,放了,1
7,又见炊烟,12
7,放了,1
7,周杰伿,1
7,放了,1
7,放了,1
7,放了,1
7,放了,1
7,凉凉,1
7,凉凉,1
7,麦田守望耿,1
7,周杰伿,1
7,告白气球,11
7,摇滚,1
7,兰陵玿,4
7,何以笙箫黿,3
7,何以笙箫黿,3
7,周杰伿,1
7,何以笙箫黿,3
7,何以笙箫黿,3
7,周杰伿,1
7,忘情氿,13
7,朋克,1
7,周杰伿,1
7,爵士乿,2
7,爵士乿,2
7,放了,1
7,放了,1
7,周杰伿,1
7,摇滚乿,2
7,麦田守望耿,1
7,周杰伿,1
7,摇滚,1
7,张碧晿,2
7,忘情氿,13
7,张碧晿,2
7,成都,8
7,夜空中最亮的昿,1
7,夜空中最亮的昿,1
7,灰色空间,1
7,白桦枿,1
7,荣耀,5
7,爱的华尔兿,4
7,荣耀,5
7,荣耀,5
7,一起摇摿,1
7,一起摇摿,1
7,爱的华尔兿,4
7,钢琴替,1
7,成都,8
7,钢琴替,1
7,消愁,3
7,消愁,3
7,消愁,3
7,麦田守望耿,1
7,一起摇摿,1
7,麦田守望耿,1
7,最美的期待,1
7,妹妹,1
7,妹妹,1
7,听好,2
7,麦田守望耿,1
7,麦田守望耿,1
7,爱的华尔兿,4
7,忘情氿,13
7,成都,8
7,成都,8
7,爱的华尔兿,4
7,成都,8
7,麦田守望耿,1
7,忘情氿,13
7,麦田守望耿,1
7,爱的华尔兿,4
7,成都,8
7,忘情氿,13
7,爱的华尔兿,4
7,爱的华尔兿,4
7,听好,2
7,成都,8
7,爱的华尔兿,4
7,爱的华尔兿,4
7,成都,8
7,麦田守望耿,1
7,麦田守望耿,1
7,爱的华尔兿,4
7,成都,8
7,爱的华尔兿,4
7,忘情氿,13
7,爱的华尔兿,4
7,成都,8
7,爱的华尔兿,4
7,成都,8
7,张碧晿,2
7,绅士,1
7,双世宠妃,1
7,麦田守望耿,1
7,流着泪的你的脿,1
7,流着泪的你的脿,1
7,流着泪的你的脿,1
7,流着泪的你的脿,1
7,凉凉,1
7,加州旅馆,1
7,加州旅馆,1
7,加州旅馆,1
7,加州旅馆,1
7,忘情氿,13
7,告白气球,11
7,告白气球,11
7,告白气球,11
7,告白气球,11
7,麦田守望耿,1
7,加州旅馆,1
7,又见炊烟,12
7,加州旅馆,1
7,加州旅馆,1
7,凉凉,1
7,加州旅馆,1
7,加州旅馆,1
7,加州旅馆,1
7,加州旅馆,1
7,麦田守望耿,1
7,又见炊烟,12
7,告白气球,11
7,江南,9
7,双世宠妃,1
7,独孤天下,1
7,忘情氿,13
7,电视,1
7,电视,1
7,笑谈,1
7,江南,9
7,麦田守望耿,1
7,江南,9
7,独孤天下,1
7,江南,9
7,我们,1
7,绅士,1
7,我们,1
7,恋人忿,1
7,激惿,1
7,嘻哈,1
7,嘻哈,1
7,流着泪的你的脿,1
7,又见炊烟,12
7,流着泪的你的脿,1
7,流着泪的你的脿,1
7,忘情氿,13
7,流着泪的你的脿,1
7,刘德卿,11
7,逆战,1
7,我们,1
7,咖啡,1
7,爱的华尔兿,4
7,咖啡,1
7,凉凉,1
7,咖啡,1
7,纸短情长,2
7,忘情氿,13
7,忘情氿,13
7,摇滚乿,2
7,麦田守望耿,1
7,摇滚乿,2
7,凉凉,1
7,又见炊烟,12
7,又见炊烟,12
7,凉凉,1
7,刘德卿,11
7,一丿,2
7,忘情氿,13
7,邓紫棿,3
7,一丿,2
7,邓紫棿,3
7,又见炊烟,12
7,凉凉,1
7,凉凉,1
7,一丿,2
7,麦田守望耿,1
7,纸短情长,2
7,凉凉,1
7,凉凉,1
7,告白气球,11
7,告白气球,11
7,摇滚乿,2
7,麦田守望耿,1
7,忘情氿,13
7,告白气球,11
7,忘情氿,13
7,欢乐颿,3
7,又见炊烟,12
7,欢乐颿,3
7,民谣,6
7,民谣,6
7,民谣,6
7,摇滚乿,2
7,凉凉,1
7,麦田守望耿,1
7,凉凉,1
7,一丿,2
7,忘情氿,13
7,凉凉,1
7,纸短情长,2
7,纸短情长,2
7,麦田守望耿,1
7,邓紫棿,3
7,摇滚乿,2
7,又见炊烟,12
7,前任,1
7,刘德卿,11
7,凉凉,1
7,一丿,2
7,曹操,3
7,又见炊烟,12
7,又见炊烟,12
7,忘情氿,13
7,曹操,3
7,一丿,2
7,又见炊烟,12
7,曹操,3
7,曹操,3
7,一丿,2
7,刘德卿,11
7,曹操,3
7,凉凉,1
7,刘德卿,11
7,刘德卿,11
7,双截棿,1
7,曹操,3
7,刘德卿,11
7,忘情氿,13
7,忘情氿,13
7,一丿,2
7,双截棿,1
7,曹操,3
7,邓紫棿,3
7,又见炊烟,12
7,前任,1
7,邓紫棿,3
7,忘情氿,13
7,凉凉,1
7,一丿,2
7,邓紫棿,3
7,一丿,2
7,邓紫棿,3
7,双截棿,1
7,一丿,2
7,凉凉,1
7,刘德卿,11
7,凉凉,1
7,一丿,2
7,刘德卿,11
7,忘情氿,13
7,一丿,2
7,刘德卿,11
7,一丿,2
7,一丿,2
7,双截棿,1
7,一丿,2
7,告白气球,11
7,摇滚乿,2
7,凉凉,1
7,大约在冬孿,1
7,读你,1
7,老男孿,2
7,老男孿,2
7,读你,1
7,摇滚乿,2
7,老男孿,2
7,曾经最羿,1
7,屁股,1
7,小幸禿,2
7,读你,1
7,小幸禿,2
7,读你,1
7,告白气球,11
7,云南,1
7,读你,1
7,发如雿,1
7,曾经最羿,1
7,麦田守望耿,1
7,麦田守望耿,1
7,又见炊烟,12
7,读你,1
7,读你,1
7,告白气球,11
7,读你,1
7,摇滚乿,2
7,读你,1
7,麦田守望耿,1
7,听到,1
7,XX,1
7,告白气球,11
7,摇滚乿,2
7,凉凉,1
7,告白气球,11
7,摇滚乿,2
7,告白气球,11
7,凉凉,1
7,爱你一万年,1
7,生如夏花,1
7,忘情氿,13
7,情深深雨蒙蒙,1
7,水晶之恋,1
7,浮夸,1
7,爸爸,1
7,醒来,1
7,读你,1
7,关系,1
7,单位,1
7,倾城,1
7,凉凉,1
7,一欿,1
7,是你,1
7,花姑娿,1
7,忘情氿,13
7,九张朿,1
7,九张朿,1
7,凉凉,1
7,九张朿,1
7,九张朿,1
7,一欿,1
7,忘情氿,13
7,凉凉,1
7,告白气球,11
7,麦田守望耿,1
7,刘德卿,11
7,凉凉,1
7,主题替,2
7,麦田守望耿,1
7,忘情氿,13
7,凉凉,1
7,读你,1
7,忘情氿,13
7,摇滚乿,2
7,告白气球,11
7,主题替,2
8,凉凉,1
8,凉凉,1
8,凉凉,1
8,凉凉,1
8,凉凉,1
8,摇滚乿,1
8,凉凉,1
8,摇滚乿,1
8,凉凉,1
8,凉凉,1
8,摇滚乿,1
8,凉凉,1
8,摇滚乿,1
8,凉凉,1
8,凉凉,1
8,凉凉,1
8,凉凉,1
8,凉凉,1
8,凉凉,1
8,摇滚乿,1
8,凉凉,1
8,摇滚乿,1
8,摇滚乿,1
8,凉凉,1
8,凉凉,1
8,凉凉,1
8,凉凉,1
8,凉凉,1
8,摇滚乿,1
8,凉凉,1
8,凉凉,1
8,钢琴,1
8,凉凉,1
8,凉凉,1
8,摇滚乿,1
8,摇滚乿,1
8,凉凉,1
8,凉凉,1
8,收藏,2
8,收藏,2
8,凉凉,1
8,凉凉,1
8,摇滚乿,1
8,凉凉,1
8,摇滚乿,1
9,听听,1
9,听听,1
9,一丿,1
9,一丿,1
9,一丿,1
9,一丿,1
9,一丿,1
9,一丿,1
9,一丿,1
9,一丿,1
9,一丿,1
9,一丿,1
9,一丿,1
9,一丿,1
9,一丿,1
9,一丿,1
9,一丿,1
9,一丿,1
10,渡口,7
10,渡口,7
10,渡口,7
10,渡口,7
10,渡口,7
10,渡口,7
10,渡口,7
10,茄子,1
10,渡口,7
10,中国之声,1
10,渡口,7
10,渡口,7
10,渡口,7
10,渡口,7
10,渡口,7
11,忘情氿,2
11,忘情氿,2
11,爱的华尔兿,2
11,麦田守望耿,1
11,爱的华尔兿,2
11,忘情氿,2
11,成都,1
11,成都,1
11,爱的华尔兿,2
11,忘情氿,2
11,爱的华尔兿,2
11,忘情氿,2
11,麦田守望耿,1
11,麦田守望耿,1
11,麦田守望耿,1
11,忘情氿,2
11,忘情氿,2
11,欢乐颿,1
11,欢乐颿,1
11,麦田守望耿,1
11,又见炊烟,2
11,西游,1
11,西游,1
11,忘情氿,2
11,又见炊烟,2
11,成都,1
11,千年等一囿,1
11,麦田守望耿,1
11,千年等一囿,1
11,千年等一囿,1
11,千年等一囿,1
11,又见炊烟,2
11,爱的华尔兿,2
11,爱的华尔兿,2
11,忘情氿,2
11,又见炊烟,2
11,麦田守望耿,1
11,爱的华尔兿,2
11,爱的华尔兿,2
11,忘情氿,2
11,麦田守望耿,1
11,忘情氿,2
11,忘情氿,2
11,又见炊烟,2
11,爱的华尔兿,2
11,五月夿,1
11,五月夿,1
11,五月夿,1
11,五月夿,1
11,麦田守望耿,1
11,麦田守望耿,1
11,又见炊烟,2
11,麦田守望耿,1
11,五月夿,1
11,五月夿,1
11,忘情氿,2
11,五月夿,1
11,五月夿,1
11,五月夿,1
11,五月夿,1
11,五月夿,1
11,又见炊烟,2
11,五月夿,1
11,五月夿,1
11,夜空中最亮的昿,2
11,向天再借五百年,1
11,夜空中最亮的昿,2
11,荣耀,2
11,荣耀,2
11,五月夿,1
11,忘情氿,2
11,荣耀,2
11,麦田守望耿,1
11,一起摇摿,2
11,成都,1
11,又见炊烟,2
11,五月夿,1
11,麦田守望耿,1
11,一起摇摿,2
11,五月夿,1
11,向天再借五百年,1
11,五月夿,1
11,五月夿,1
11,麦田守望耿,1
11,忘情氿,2
11,一生有使,1
11,闯天涿,1
11,花灯,1
11,空空如也,1
11,麦田守望耿,1
11,麦田守望耿,1
11,又见炊烟,2
11,麦田守望耿,1
11,麦田守望耿,1
11,忘情氿,2
11,麦田守望耿,1
11,又见炊烟,2
11,忘情氿,2
11,麦田守望耿,1
11,忘情氿,2
11,隐形的翅膀,1
11,算了,1
11,麦田守望耿,1
11,五月夿,1
11,五月夿,1
11,五月夿,1
11,麦田守望耿,1
11,五月夿,1
11,忘情氿,2
11,五月夿,1
11,相见恨晚,1
11,相见恨晚,1
11,麦田守望耿,1
11,忘情氿,2
11,英文,1
11,英文,1
11,英文,1
11,算了,1
11,成都,1
11,一起摇摿,2
11,后来,1
11,成都,1
11,又见炊烟,2
11,麦田守望耿,1
11,麦田守望耿,1
11,成都,1
11,爱的华尔兿,2
11,爱的华尔兿,2
11,忘情氿,2
11,成都,1
11,爱的华尔兿,2
11,爱的华尔兿,2
11,忘情氿,2
11,又见炊烟,2
11,忘情氿,2
11,又见炊烟,2
11,成都,1
11,又见炊烟,2
11,忘情氿,2
11,成都,1
11,忘情氿,2
11,麦田守望耿,1
11,成都,1
11,忘情氿,2
11,麦田守望耿,1
11,我们不一栿,1
11,我们不一栿,1
11,我们不一栿,1
11,我们不一栿,1
11,我们不一栿,1
11,我们不一栿,1
11,麦田守望耿,1
11,公主,1
11,爱的华尔兿,2
11,忘情氿,2
12,七里馿,1
12,忽略,1
12,像你,1
13,齐天,1
14,江南,1
14,江南,1
14,江南,1
14,江南,1
15,薛之谿,2
15,听好,1
15,薛之谿,2
15,十年,1
15,薛之谿,2
15,薛之谿,2
15,薛之谿,2
15,薛之谿,2
15,十年,1
15,十年,1
15,听好,1
15,十年,1
16,麦田守望耿,1
16,麦田守望耿,1
16,麦田守望耿,1
16,麦田守望耿,1
16,背对背拥抿,1
16,麦田守望耿,1
16,麦田守望耿,1
16,麦田守望耿,1
16,麦田守望耿,1
16,麦田守望耿,1
16,麦田守望耿,1
16,麦田守望耿,1
16,麦田守望耿,1
16,麦田守望耿,1
16,麦田守望耿,1
16,麦田守望耿,1
16,麦田守望耿,1
16,麦田守望耿,1
16,麦田守望耿,1
16,麦田守望耿,1
16,麦田守望耿,1
16,麦田守望耿,1
16,麦田守望耿,1
16,麦田守望耿,1
16,麦田守望耿,1
16,麦田守望耿,1
16,麦田守望耿,1
16,麦田守望耿,1
16,麦田守望耿,1
16,背对背拥抿,1
17,薛之谿,2
17,麦田守望耿,2
17,麦田守望耿,2
17,麦田守望耿,2
17,麦田守望耿,2
17,成都,1
17,薛之谿,2
17,麦田守望耿,2
17,更高,1
17,薛之谿,2
17,薛之谿,2
17,薛之谿,2
17,麦田守望耿,2
17,想她,1
17,蓝莲芿,1
17,来生,1
17,薛之谿,2
17,充电,1
17,话题,1
17,外面,1
17,外面,1
17,麦田守望耿,2
17,外面,1
17,外面,1
17,外面,1
17,麦田守望耿,2
17,外面,1
17,外面,1
17,外面,1
17,麦田守望耿,2
17,爱的华尔兿,1
17,麦田守望耿,2
17,爱的华尔兿,1
17,麦田守望耿,2
17,麦田守望耿,2
17,成都,1
17,爱的华尔兿,1
17,麦田守望耿,2
17,爱的华尔兿,1
17,爱的华尔兿,1
17,成都,1
17,成都,1
17,爱的华尔兿,1
17,麦田守望耿,2
17,麦田守望耿,2
17,成都,1
17,爱的华尔兿,1
17,麦田守望耿,2
17,成都,1
17,爱的华尔兿,1
17,电视,1
17,爱的华尔兿,1
17,电视,1
17,麦田守望耿,2
17,成都,1
17,麦田守望耿,2
17,成都,1
17,麦田守望耿,2
17,爱的华尔兿,1
17,麦田守望耿,2
17,成都,1
17,爱的华尔兿,1
17,麦田守望耿,2
17,麦田守望耿,2
17,爱的华尔兿,1
17,麦田守望耿,2
17,爱的华尔兿,1
17,爱的华尔兿,1
17,成都,1
17,成都,1
17,麦田守望耿,2
17,麦田守望耿,2
17,麦田守望耿,2
17,麦田守望耿,2
17,麦田守望耿,2
18,外面,1
18,天涯,1
18,突然的自房,1
18,麦田守望耿,1
18,又见炊烟,3
18,麦田守望耿,1
18,突然的自房,1
18,又见炊烟,3
18,勇气,1
18,麦田守望耿,1
18,外面,1
18,又见炊烟,3
18,又见炊烟,3
18,又见炊烟,3
18,勇气,1
18,外面,1
18,麦田守望耿,1
18,麦田守望耿,1
18,麦田守望耿,1
18,天涯,1
18,又见炊烟,3
18,苏州,1
18,又见炊烟,3
18,外面,1
18,苏三诿,1
18,外面,1
18,死亡,1
18,外面,1
18,外面,1
18,悟空,1
18,悟空,1
18,蓝色妖姬,1
18,说唱,2
18,风吹麦浪,1
18,卜卦,1
18,麦田守望耿,1
18,卜卦,1
18,又见炊烟,3
18,麦田守望耿,1
18,麦田守望耿,1
18,外面,1
18,丑八怿,1
18,丑八怿,1
18,风吹麦浪,1
18,丑八怿,1
18,麦田守望耿,1
18,麦田守望耿,1
18,麦田守望耿,1
18,又见炊烟,3
18,麦田守望耿,1
18,麦田守望耿,1
18,麦田守望耿,1
18,麦田守望耿,1
18,麦田守望耿,1
18,麦田守望耿,1
18,麦田守望耿,1
18,又见炊烟,3
18,麦田守望耿,1
18,麦田守望耿,1
18,又见炊烟,3
18,麦田守望耿,1
18,麦田守望耿,1
18,麦田守望耿,1
18,又见炊烟,3
18,麦田守望耿,1
18,又见炊烟,3
18,麦田守望耿,1
18,麦田守望耿,1
18,又见炊烟,3
18,麦田守望耿,1
19,红豆,1
19,麦田守望耿,4
19,麦田守望耿,4
19,麦田守望耿,4
19,忘情氿,2
19,忘情氿,2
19,麦田守望耿,4
19,忘情氿,2
19,忘情氿,2
19,忘情氿,2
19,忘情氿,2
19,麦田守望耿,4
19,忘情氿,2
19,忘情氿,2
19,忘情氿,2
19,麦田守望耿,4
19,忘情氿,2
19,麦田守望耿,4
19,忘情氿,2
19,麦田守望耿,4
19,红豆,1
19,第一欿,1
19,第一欿,1
19,解脱,1
19,麦田守望耿,4
19,凤囚凿,1
19,忘情氿,2
19,凤囚凿,1
19,忘情氿,2
19,懂不懿,1
19,忘情氿,2
19,麦田守望耿,4
19,忘情氿,2
19,麦田守望耿,4
19,忘情氿,2
19,麦田守望耿,4
19,红豆,1
19,麦田守望耿,4
19,麦田守望耿,4
19,麦田守望耿,4
19,薛之谿,2
19,忘情氿,2
19,薛之谿,2
19,潜水,1
19,忘情氿,2
19,潜水,1
19,麦田守望耿,4
19,忘情氿,2
19,忘情氿,2
19,麦田守望耿,4
19,麦田守望耿,4
19,麦田守望耿,4
19,忘情氿,2
19,麦田守望耿,4
19,忘情氿,2
19,麦田守望耿,4
19,忘情氿,2
19,忘情氿,2
19,麦田守望耿,4
19,麦田守望耿,4
19,麦田守望耿,4
19,麦田守望耿,4
19,麦田守望耿,4
19,忘情氿,2
19,麦田守望耿,4
19,麦田守望耿,4
19,忘川,1
19,薛之谿,2
19,薛之谿,2
19,薛之谿,2
19,薛之谿,2
19,忘情氿,2
19,忘川,1
19,忘情氿,2
20,天涯,1
20,美人鱿,1
20,突然的自房,2
20,可惜没有如果,1
20,突然的自房,2
20,漂流,1
20,下午,1
20,海洋,1
20,美人鱿,1
20,天涯,1
20,很想,1
20,丑八怿,1
20,丑八怿,1
20,丑八怿,1
21,忘情氿,1
21,忘情氿,1
21,忘情氿,1
21,忘情氿,1
21,忘情氿,1
21,忘情氿,1
21,渡口,3
21,忘情氿,1
21,渡口,3
21,忘情氿,1
21,忘情氿,1
21,忘情氿,1
21,忘情氿,1
21,渡口,3
21,渡口,3
21,渡口,3
21,渡口,3
21,渡口,3
21,渡口,3
21,忘情氿,1
21,渡口,3
21,渡口,3
21,忘情氿,1
21,忘情氿,1
21,忘情氿,1
21,渡口,3
21,渡口,3
21,忘情氿,1
21,忘情氿,1
21,忘情氿,1
21,忘情氿,1
21,忘情氿,1
21,忘情氿,1
21,忘情氿,1
21,忘情氿,1
21,忘情氿,1
21,忘情氿,1
21,忘情氿,1
21,渡口,3
21,爱的华尔兿,1
21,麦田守望耿,4
21,麦田守望耿,4
21,麦田守望耿,4
21,麦田守望耿,4
21,红豆,1
21,薛之谿,1
21,麦田守望耿,4
21,薛之谿,1
21,爱的华尔兿,1
21,麦田守望耿,4
21,爱的华尔兿,1
21,麦田守望耿,4
21,麦田守望耿,4
21,分手快乐,1
21,分手快乐,1
21,爱的华尔兿,1
21,分手快乐,1
21,麦田守望耿,4
21,麦田守望耿,4
21,麦田守望耿,4
21,麦田守望耿,4
21,爱的华尔兿,1
21,麦田守望耿,4
21,麦田守望耿,4
21,爱的华尔兿,1
21,麦田守望耿,4
21,爱的华尔兿,1
21,麦田守望耿,4
21,麦田守望耿,4
21,爱的华尔兿,1
21,麦田守望耿,4
21,薛之谿,1
21,麦田守望耿,4
21,红豆,1
21,麦田守望耿,4
21,薛之谿,1
21,爱的华尔兿,1
21,爱的华尔兿,1
21,麦田守望耿,4
21,麦田守望耿,4
21,红豆,1
21,麦田守望耿,4
21,花非花雾非雾,1
21,麦田守望耿,4
21,爱的华尔兿,1
21,麦田守望耿,4
21,爱的华尔兿,1
21,爱的华尔兿,1
21,麦田守望耿,4
21,麦田守望耿,4
21,薛之谿,1
21,爱的华尔兿,1
21,忘情氿,1
21,麦田守望耿,4
21,薛之谿,1
22,光年之外,1
22,凉凉,1
22,凉凉,1
22,凉凉,1
22,凉凉,1
22,凉凉,1
22,傻子,1
22,凉凉,1
22,凉凉,1
22,凉凉,1
22,凉凉,1
22,凉凉,1
22,凉凉,1
22,远走高飞,1
22,凉凉,1
22,凉凉,1
22,凉凉,1
22,凉凉,1
22,他说,1
22,凉凉,1
22,凉凉,1
22,凉凉,1
22,远走高飞,1
22,远走高飞,1
22,凉凉,1
22,他说,1
22,凉凉,1
22,凉凉,1
22,凉凉,1
22,远走高飞,1
22,凉凉,1
22,凉凉,1
22,凉凉,1
22,凉凉,1
22,凉凉,1
22,凉凉,1
22,凉凉,1
22,凉凉,1
23,凉凉,1
23,凉凉,1
23,凉凉,1
23,凉凉,1
23,凉凉,1
23,凉凉,1
23,凉凉,1
23,凉凉,1
23,凉凉,1
23,凉凉,1
23,凉凉,1
23,凉凉,1
23,凉凉,1
23,凉凉,1
23,凉凉,1
23,凉凉,1
23,凉凉,1
23,凉凉,1
23,凉凉,1
23,凉凉,1
23,凉凉,1
23,凉凉,1
23,凉凉,1
23,凉凉,1
23,凉凉,1
23,凉凉,1
23,凉凉,1
23,凉凉,1
23,凉凉,1
23,凉凉,1
24,刘德卿,2
24,刘德卿,2
24,刘德卿,2
24,刘德卿,2
24,刘德卿,2
24,刘德卿,2
24,刘德卿,2
24,刘德卿,2
24,倒转,1
24,刘德卿,2
24,刘德卿,2
24,刘德卿,2
25,渡口,2
25,渡口,2
25,渡口,2
25,渡口,2
25,渡口,2
25,渡口,2
25,渡口,2
25,女王,2
25,当时,1
25,渡口,2
25,渡口,2
25,渡口,2
25,渡口,2
25,渡口,2
25,当时,1
25,读你,9
25,读你,9
25,读你,9
25,读你,9
25,读你,9
25,当时,1
25,读你,9
25,当时,1
25,读你,9
25,读你,9
25,当时,1
25,读你,9
25,读你,9
25,读你,9
25,当时,1
25,第一欿,1
25,渡口,2
25,第一欿,1
25,当时,1
25,当时,1
25,当时,1
25,当时,1
25,当时,1
25,当时,1
26,一起摇摿,1
26,一起摇摿,1
26,一起摇摿,1
27,林俊板,1
27,林俊板,1
27,林俊板,1
27,林俊板,1
27,林俊板,1
28,悟空,1
28,悟空,1
28,爱的华尔兿,1
28,爱的华尔兿,1
28,爱的华尔兿,1
28,爱的华尔兿,1
28,爱的华尔兿,1
28,爱的华尔兿,1
28,爱的华尔兿,1
28,爱的华尔兿,1
28,爱的华尔兿,1
28,爱的华尔兿,1
28,爱的华尔兿,1
28,爱的华尔兿,1
28,爱的华尔兿,1
28,爱的华尔兿,1
29,爱的华尔兿,1
29,爱的华尔兿,1
29,爱的华尔兿,1
29,爱的华尔兿,1
29,爱的华尔兿,1
29,爱的华尔兿,1
29,十一,1
29,独孤天下,2
29,爱的华尔兿,1
29,爱的华尔兿,1
29,爱的华尔兿,1
29,爱的华尔兿,1
29,爱的华尔兿,1
29,爱的华尔兿,1
29,爱的华尔兿,1
29,爱的华尔兿,1
29,独孤天下,2
30,风吹麦浪,1
30,风吹麦浪,1
31,成都,1
31,成都,1
31,成都,1
31,成都,1
31,成都,1
31,成都,1
31,成都,1
31,成都,1
31,成都,1
31,成都,1
31,手机,1
31,周杰伿,1
31,周杰伿,1
31,周杰伿,1
31,周杰伿,1
31,周杰伿,1
31,周杰伿,1
31,我呀,1
31,周杰伿,1
31,成都,1
32,麦田守望耿,1
32,大悲咿,2
32,麦田守望耿,1
32,麦田守望耿,1
32,麦田守望耿,1
32,麦田守望耿,1
32,大悲咿,2
32,又见炊烟,2
32,又见炊烟,2
32,电台,1
32,电台,1
32,麦田守望耿,1
32,麦田守望耿,1
32,电台,1
32,麦田守望耿,1
32,电台,1
32,麦田守望耿,1
32,麦田守望耿,1
32,又见炊烟,2
32,麦田守望耿,1
32,麦田守望耿,1
32,又见炊烟,2
32,又见炊烟,2
32,又见炊烟,2
32,我们不一栿,1
32,我们不一栿,1
32,我们不一栿,1
32,我们不一栿,1
32,我们不一栿,1
32,我们不一栿,1
32,麦田守望耿,1
32,电台,1
32,麦田守望耿,1
32,麦田守望耿,1
32,麦田守望耿,1
32,麦田守望耿,1
32,大悲咿,2
32,麦田守望耿,1
32,大悲咿,2
32,电台,1
32,麦田守望耿,1
32,电台,1
32,告白气球,1
32,摇滚乿,1
32,告白气球,1
32,告白气球,1
32,又见炊烟,2
32,告白气球,1
32,告白气球,1
32,告白气球,1
32,给我一个理由忘访,1
32,摇滚乿,1
32,给我一个理由忘访,1
32,麦田守望耿,1
32,告白气球,1
32,告白气球,1
32,幻听,2
32,给我一个理由忘访,1
32,告白气球,1
32,幻听,2
32,摇滚乿,1
32,又见炊烟,2
32,告白气球,1
32,给我一个理由忘访,1
32,麦田守望耿,1
32,摇滚乿,1
32,告白气球,1
32,告白气球,1
32,告白气球,1
32,摇滚乿,1
32,又见炊烟,2
32,告白气球,1
32,告白气球,1
32,告白气球,1
32,摇滚乿,1
32,告白气球,1
32,告白气球,1
32,摇滚乿,1
32,告白气球,1
32,告白气球,1
32,告白气球,1
32,摇滚乿,1
32,摇滚乿,1
32,摇滚乿,1
32,告白气球,1
32,麦田守望耿,1
32,又见炊烟,2
32,说话,1
32,又见炊烟,2
32,听我,1
32,麦田守望耿,1
32,给我一个理由忘访,1
32,麦田守望耿,1
32,听我,1
32,幻听,2
32,听我,1
32,又见炊烟,2
32,麦田守望耿,1
32,麦田守望耿,1
32,又见炊烟,2
32,又见炊烟,2
32,麦田守望耿,1
32,幻听,2
32,听我,1
32,麦田守望耿,1
32,幻听,2
32,摇滚乿,1
32,摇滚乿,1
32,告白气球,1
32,天堂,1
33,听我,1
33,控制,1
33,摇滚乿,1
33,小三,1
33,麦田守望耿,3
33,麦田守望耿,3
33,摇滚乿,1
33,麦田守望耿,3
33,麦田守望耿,3
33,小三,1
33,麦田守望耿,3
33,麦田守望耿,3
33,摇滚乿,1
33,给我一个理由忘访,2
33,麦田守望耿,3
33,幻听,3
33,幻听,3
33,幻听,3
33,摇滚乿,1
33,幻听,3
33,麦田守望耿,3
33,给我一个理由忘访,2
33,麦田守望耿,3
33,麦田守望耿,3
33,摇滚乿,1
33,摇滚乿,1
33,幻听,3
33,听我,1
33,麦田守望耿,3
33,给我一个理由忘访,2
33,给我一个理由忘访,2
33,听我,1
33,摇滚乿,1
33,听我,1
33,成都,1
33,麦田守望耿,3
33,摇滚乿,1
33,成都,1
33,成都,1
33,麦田守望耿,3
33,成都,1
33,外面,1
33,麦田守望耿,3
33,麦田守望耿,3
33,成都,1
33,外面,1
33,外面,1
33,麦田守望耿,3
33,麦田守望耿,3
33,外面,1
33,成都,1
33,麦田守望耿,3
33,外面,1
33,摇滚乿,1
33,麦田守望耿,3
33,外面,1
33,成都,1
33,麦田守望耿,3
33,麦田守望耿,3
33,外面,1
33,麦田守望耿,3
33,麦田守望耿,3
33,成都,1
33,外面,1
33,摇滚乿,1
33,成都,1
33,摇滚乿,1
33,麦田守望耿,3
33,给我一个理由忘访,2
33,成都,1
33,麦田守望耿,3
33,成都,1
33,摇滚乿,1
33,麦田守望耿,3
33,麦田守望耿,3
33,麦田守望耿,3
34,独立,1
34,五月夿,3
34,凉凉,17
34,凉凉,17
34,当时,3
34,五月夿,3
34,电影,1
34,当时,3
34,当时,3
34,忘情氿,3
34,当时,3
34,凉凉,17
34,当时,3
34,凉凉,17
34,独立,1
34,当时,3
34,凉凉,17
34,凉凉,17
34,印度洋的眼泪,1
34,五月夿,3
34,当时,3
34,凉凉,17
34,当时,3
34,独立,1
34,五月夿,3
34,五月夿,3
34,凉凉,17
34,如是,1
34,凉凉,17
34,当时,3
34,凉凉,17
34,五月夿,3
34,五月夿,3
34,五月夿,3
34,五月夿,3
34,五月夿,3
34,五月夿,3
34,五月夿,3
34,五月夿,3
34,凉凉,17
34,修炼,2
34,五月夿,3
34,五月夿,3
34,五月夿,3
34,五月夿,3
34,哪里,1
34,五月夿,3
34,凉凉,17
34,印度洋的眼泪,1
34,凉凉,17
34,没那么简卿,1
34,当时,3
34,五月夿,3
34,凉凉,17
34,看穿,1
34,凉凉,17
34,凉凉,17
34,独立,1
34,五月夿,3
34,当时,3
34,修炼,2
34,五月夿,3
34,五月夿,3
34,刘德卿,1
34,偏偏喜欢使,1
34,独立,1
34,告白气球,8
34,告白气球,8
34,浪花一朵朵,1
34,告白气球,8
34,渡口,1
34,告白气球,8
34,渡口,1
34,告白气球,8
34,告白气球,8
34,渡口,1
34,告白气球,8
34,告白气球,8
34,干物妿,1
34,告白气球,8
34,告白气球,8
34,告白气球,8
34,告白气球,8
34,渡口,1
34,告白气球,8
34,渡口,1
34,告白气球,8
34,爱的华尔兿,4
34,渡口,1
34,爱的华尔兿,4
34,爱的华尔兿,4
34,浪花一朵朵,1
34,渡口,1
34,渡口,1
34,爱的华尔兿,4
34,告白气球,8
34,渡口,1
34,爱的华尔兿,4
34,告白气球,8
34,浪花一朵朵,1
34,渡口,1
34,告白气球,8
34,渡口,1
34,渡口,1
34,告白气球,8
34,渡口,1
34,告白气球,8
34,告白气球,8
34,干物妿,1
34,一丿,3
34,一丿,3
34,惊鸿,2
34,惊鸿,2
34,还魂闿,1
34,刘德卿,1
34,还魂闿,1
34,七个小矮亿,1
34,一丿,3
34,刘德卿,1
34,七个小矮亿,1
34,刘德卿,1
34,一丿,3
34,少年,1
34,刘德卿,1
34,刘德卿,1
34,刘德卿,1
34,刘德卿,1
34,七个小矮亿,1
34,爱的华尔兿,4
34,一丿,3
34,一丿,3
34,告白气球,8
34,告白气球,8
34,告白气球,8
34,干物妿,1
34,一丿,3
34,一丿,3
34,一丿,3
34,一丿,3
34,刘德卿,1
34,一丿,3
34,伤心太平洿,1
34,一丿,3
34,惊鸿,2
34,刘德卿,1
34,一丿,3
34,惊鸿,2
34,刘德卿,1
34,一丿,3
34,一丿,3
34,浪花一朵朵,1
34,爱的华尔兿,4
34,爱的华尔兿,4
34,凉凉,17
34,红颜旿,3
34,放了,1
34,凉凉,17
34,放了,1
34,放了,1
34,佛山,1
34,医院,2
34,离线,1
34,放了,1
34,放了,1
34,放了,1
34,凉凉,17
34,放过,1
34,放了,1
34,放了,1
34,放了,1
34,凉凉,17
34,放了,1
34,放过,1
34,凉凉,17
34,读你,7
34,听听,1
34,听听,1
34,凉凉,17
34,独立,1
34,凉凉,17
34,独立,1
34,读你,7
34,读你,7
34,读你,7
34,读你,7
34,读你,7
34,读你,7
34,凉凉,17
34,读你,7
34,凉凉,17
34,读你,7
34,读你,7
34,读你,7
34,凉凉,17
34,五月夿,3
34,时代,2
34,时代,2
34,时代,2
34,时代,2
34,白色恋人,1
34,白色恋人,1
34,浪花一朵朵,1
34,偏偏喜欢使,1
34,流着泪的你的脿,2
34,流着泪的你的脿,2
34,时代,2
34,流着泪的你的脿,2
34,偏偏喜欢使,1
34,爱的华尔兿,4
34,爱的华尔兿,4
34,爱的华尔兿,4
34,爱的华尔兿,4
34,爱的华尔兿,4
34,浪花一朵朵,1
34,爱的华尔兿,4
34,偏偏喜欢使,1
34,凉凉,17
34,时代,2
34,流着泪的你的脿,2
34,加州旅馆,1
34,凉凉,17
34,加州旅馆,1
34,加州旅馆,1
34,加州旅馆,1
34,加州旅馆,1
34,加州旅馆,1
34,凉凉,17
34,时代,2
34,加州旅馆,1
34,加州旅馆,1
34,加州旅馆,1
34,加州旅馆,1
34,流着泪的你的脿,2
34,流着泪的你的脿,2
34,凉凉,17
34,流着泪的你的脿,2
34,流着泪的你的脿,2
34,加州旅馆,1
34,当时,3
34,一丿,3
34,忘情氿,3
34,忘情氿,3
34,忘情氿,3
34,麦田守望耿,2
34,忘情氿,3
34,曹操,1
34,曹操,1
34,麦田守望耿,2
34,麦田守望耿,2
34,曹操,1
34,曹操,1
34,忘情氿,3
34,麦田守望耿,2
34,麦田守望耿,2
34,曹操,1
34,忘情氿,3
34,忘情氿,3
34,忘情氿,3
34,忘情氿,3
34,忘情氿,3
34,忘情氿,3
34,麦田守望耿,2
34,麦田守望耿,2
34,忘情氿,3
34,忘情氿,3
34,十二炿,1
34,新闻,1
34,曹操,1
34,麦田守望耿,2
34,麦田守望耿,2
34,新闻,1
34,麦田守望耿,2
34,新闻,1
34,麦田守望耿,2
34,麦田守望耿,2
34,麦田守望耿,2
34,忘情氿,3
34,麦田守望耿,2
34,麦田守望耿,2
34,麦田守望耿,2
34,麦田守望耿,2
34,麦田守望耿,2
34,忘情氿,3
34,忘情氿,3
34,麦田守望耿,2
34,麦田守望耿,2
34,忘情氿,3
34,麦田守望耿,2
34,麦田守望耿,2
34,曹操,1
34,忘情氿,3
34,新闻,1
34,忘情氿,3
34,麦田守望耿,2
34,麦田守望耿,2
34,下沙,7
34,麦田守望耿,2
34,下沙,7
34,卖点,1
34,相思风雨中,1
34,麦田守望耿,2
34,忘情氿,3
34,卖点,1
34,忘情氿,3
34,下沙,7
34,卖点,1
34,相思风雨中,1
34,忘情氿,3
34,十二炿,1
34,忘情氿,3
34,幻听,1
34,幻听,1
34,幻听,1
34,幻听,1
34,忘情氿,3
34,下沙,7
34,卖点,1
34,幻听,1
34,忘情氿,3
34,麦田守望耿,2
34,听你,1
34,麦田守望耿,2
34,相思风雨中,1
34,忘情氿,3
34,听你,1
34,十二炿,1
34,相思风雨中,1
34,听你,1
34,听你,1
34,相思风雨中,1
34,听你,1
34,听你,1
35,放了,1
35,东宫,2
35,加州旅馆,1
35,加州旅馆,1
35,靠近,1
35,加州旅馆,1
35,麦田守望耿,6
35,外面,1
35,靠近,1
35,麦田守望耿,6
35,忘情氿,1
35,凉凉,1
35,麦田守望耿,6
35,麦田守望耿,6
35,忘情氿,1
35,凉凉,1
35,外面,1
35,加州旅馆,1
35,放了,1
35,放了,1
35,成全,3
35,外面,1
35,放了,1
35,麦田守望耿,6
35,忘情氿,1
35,忘情氿,1
35,成全,3
35,外面,1
35,凉凉,1
35,靠近,1
35,凉凉,1
35,外面,1
35,凉凉,1
35,靠近,1
35,外面,1
35,放了,1
35,麦田守望耿,6
35,放了,1
35,忘情氿,1
35,凉凉,1
35,加州旅馆,1
35,加州旅馆,1
35,外面,1
35,加州旅馆,1
35,加州旅馆,1
35,放了,1
35,加州旅馆,1
35,麦田守望耿,6
35,放了,1
35,加州旅馆,1
35,加州旅馆,1
35,凉凉,1
35,麦田守望耿,6
35,凉凉,1
35,当时,1
35,麦田守望耿,6
35,忘情氿,1
35,当时,1
35,刘德卿,1
35,当时,1
35,凉凉,1
35,刘德卿,1
35,麦田守望耿,6
35,当时,1
35,刘德卿,1
35,忘情氿,1
35,当时,1
35,凉凉,1
35,刘德卿,1
35,刘德卿,1
35,刘德卿,1
35,当时,1
35,忘情氿,1
35,凉凉,1
35,忘情氿,1
35,凉凉,1
35,凉凉,1
35,忘情氿,1
35,凉凉,1
35,逆流成河,6
35,当时,1
35,凉凉,1
35,逆流成河,6
35,逆流成河,6
35,逆流成河,6
35,逆流成河,6
35,逆流成河,6
35,逆流成河,6
35,凉凉,1
35,逆流成河,6
35,凉凉,1
35,凉凉,1
35,刘德卿,1
35,凉凉,1
35,忘情氿,1
35,麦田守望耿,6
35,麦田守望耿,6
35,呼啸山庄,1
35,麦田守望耿,6
35,反弹,1
35,刘德卿,1
35,小说,1
35,凉凉,1
35,东宫,2
35,忘情氿,1
35,麦田守望耿,6
35,凉凉,1
35,麦田守望耿,6
35,麦田守望耿,6
35,雨一直下,2
35,忘情氿,1
35,刘德卿,1
35,凉凉,1
35,当时,1
35,麦田守望耿,6
35,当时,1
35,刘德卿,1
35,当时,1
35,凉凉,1
35,忘情氿,1
35,江南,2
35,当时,1
35,麦田守望耿,6
35,当时,1
35,刘德卿,1
35,江南,2
35,忘情氿,1
35,江南,2
35,江南,2
35,凉凉,1
35,放了,1
35,忘情氿,1
35,渡口,1
35,渡口,1
35,渡口,1
35,乡村,1
35,哪咤,1
35,乡村,1
35,渡口,1
35,忘情氿,1
35,花路,2
35,凉凉,1
35,千古,1
35,渡口,1
35,PPS,1
35,渡口,1
35,就是让你羿,1
35,你在哪里,1
35,自己羿,1
35,忘情氿,1
35,忘情氿,1
35,渡口,1
35,凉凉,1
35,渡口,1
35,麦田守望耿,6
35,忘情氿,1
35,凉凉,1
35,忘情氿,1
35,哪咤,1
35,温州,1
35,麦田守望耿,6
35,凉凉,1
35,忘情氿,1
35,忘情氿,1
35,忘情氿,1
35,渡口,1
35,麦田守望耿,6
35,渡口,1
35,麦田守望耿,6
35,花路,2
35,渡口,1
35,花路,2
35,老男孿,1
35,老男孿,1
35,麦田守望耿,6
35,老男孿,1
35,凉凉,1
35,麦田守望耿,6
35,花路,2
35,然后,1
35,栀子花,1
35,然后,1
35,守望耿,1
35,然后,1
35,麦田守望耿,6
35,麦田守望耿,6
35,放了,1
35,成全,3
35,忘情氿,1
35,成全,3
35,外面,1
35,忘情氿,1
35,你在哪里,1
35,自己羿,1
35,忘情氿,1
35,渡口,1
35,麦田守望耿,6
35,渡口,1
35,麦田守望耿,6
35,凉凉,1
35,成全,3
35,你在哪里,1
35,你在哪里,1
35,你在哪里,1
36,美人,1
36,刘德卿,7
36,红日,1
36,诠释,1
36,告白气球,2
36,地下,1
36,告白气球,2
36,菊花叿,2
36,告白气球,2
36,男朋叿,1
36,忘情氿,4
36,凉凉,2
36,麦田守望耿,2
36,五月夿,3
36,一丿,1
36,刘德卿,7
36,五月夿,3
36,忘情氿,4
36,一丿,1
36,凉凉,2
36,告白气球,2
36,我们不一栿,1
36,凉凉,2
36,刘德卿,7
36,乡村,1
36,刘德卿,7
36,我们不一栿,1
36,告白气球,2
36,一丿,1
36,五月夿,3
36,五月夿,3
36,凉凉,2
36,刘德卿,7
36,凉凉,2
36,忘情氿,4
36,一丿,1
36,忘情氿,4
36,忘情氿,4
36,我们不一栿,1
36,告白气球,2
36,凉凉,2
36,麦田守望耿,2
36,刘德卿,7
36,凉凉,2
36,告白气球,2
36,放了,1
36,一丿,1
36,告白气球,2
36,忘情氿,4
36,凉凉,2
36,一丿,1
36,凉凉,2
36,五月夿,3
36,红日,1
36,麦田守望耿,2
36,忘情氿,4
36,玩伴,1
36,粤语,1
36,麦田守望耿,2
36,告白气球,2
36,独立,6
36,一丿,1
36,告白气球,2
36,一丿,1
36,凉凉,2
36,民谣,1
36,五月夿,3
36,告白气球,2
36,麦田守望耿,2
36,林俊板,1
36,告白气球,2
36,凉凉,2
36,五月夿,3
36,独立,6
36,麦田守望耿,2
36,独立,6
36,五月夿,3
36,告白气球,2
36,五月夿,3
36,告白气球,2
36,忘情氿,4
36,忘情氿,4
36,民谣,1
36,林俊板,1
36,五月夿,3
36,一丿,1
36,忘情氿,4
36,忘情氿,4
36,一丿,1
36,独立,6
36,五月夿,3
36,五月夿,3
36,五月夿,3
36,林俊板,1
36,民谣,1
36,一丿,1
36,凉凉,2
36,凉凉,2
36,凉凉,2
36,凉凉,2
36,林俊板,1
36,五月夿,3
36,我们不一栿,1
36,一丿,1
36,告白气球,2
36,乡村,1
36,五月夿,3
36,一丿,1
36,凉凉,2
36,告白气球,2
36,刘德卿,7
36,告白气球,2
36,五月夿,3
36,忘情氿,4
36,五月夿,3
36,告白气球,2
36,五月夿,3
36,麦田守望耿,2
36,刘德卿,7
36,告白气球,2
36,忘情氿,4
36,独立,6
36,告白气球,2
36,告白气球,2
36,一丿,1
36,忘情氿,4
36,林俊板,1
36,五月夿,3
36,告白气球,2
36,刘德卿,7
36,忘情氿,4
36,一丿,1
36,告白气球,2
36,刘德卿,7
36,五月夿,3
36,凉凉,2
36,五月夿,3
36,五月夿,3
36,凉凉,2
36,凉凉,2
36,麦田守望耿,2
36,放了,1
36,读你,15
36,麦田守望耿,2
36,读你,15
36,咖啡,1
36,凉凉,2
36,咖啡,1
36,浪花一朵朵,1
36,忘情氿,4
36,凉凉,2
36,凉凉,2
36,忘情氿,4
36,一丿,1
36,读你,15
36,凉凉,2
36,忘情氿,4
36,放了,1
36,摇滚,1
36,麦田守望耿,2
36,浪花一朵朵,1
36,读你,15
36,麦田守望耿,2
36,忘情氿,4
36,双世宠妃,1
36,放了,1
36,双世宠妃,1
36,麦田守望耿,2
36,曹操,2
36,绅士,1
36,咖啡,1
36,忘情氿,4
36,摇滚,1
36,凉凉,2
36,曹操,2
36,放过,1
36,读你,15
36,曹操,2
36,读你,15
36,摇滚,1
36,曹操,2
36,忘情氿,4
36,麦田守望耿,2
36,忘情氿,4
36,读你,15
36,忘情氿,4
36,放过,1
36,曹操,2
36,麦田守望耿,2
36,凉凉,2
36,麦田守望耿,2
36,读你,15
36,九张朿,1
36,九张朿,1
36,曹操,2
36,放了,1
36,刘德卿,7
36,读你,15
36,九张朿,1
36,曹操,2
36,九张朿,1
36,放了,1
36,绅士,1
36,放了,1
36,摇滚,1
36,麦田守望耿,2
36,麦田守望耿,2
36,浪花一朵朵,1
36,五月夿,3
36,红玫瑿,2
36,浪花一朵朵,1
36,房间,1
36,哥只是个传说,1
36,麦田守望耿,2
36,红玫瑿,2
36,凉凉,2
36,麦田守望耿,2
36,放了,1
36,凉凉,2
36,忘情氿,4
36,麦田守望耿,2
36,麦田守望耿,2
36,放了,1
36,凉凉,2
36,独立,6
36,麦田守望耿,2
36,浪花一朵朵,1
36,忘情氿,4
36,我们不一栿,1
36,红玫瑿,2
36,麦田守望耿,2
36,凉凉,2
36,麦田守望耿,2
36,麦田守望耿,2
36,凉凉,2
36,忘情氿,4
36,麦田守望耿,2
36,浪花一朵朵,1
36,我们不一栿,1
36,独立,6
36,麦田守望耿,2
36,麦田守望耿,2
36,读你,15
36,放了,1
36,忘情氿,4
36,读你,15
37,红霞,1
37,独立,2
37,一丿,4
37,忘情氿,12
37,听你,2
37,忘情氿,12
37,渡口,1
37,青春修炼手册,1
37,诗人,1
37,靠近,1
37,你在哪里,1
37,凉凉,22
37,你在哪里,1
37,时代,10
37,渡口,1
37,忘情氿,12
37,成全,3
37,成全,3
37,听你,2
37,红霞,1
37,漂洋过海来看使,1
37,成全,3
37,你在哪里,1
37,渡口,1
37,成全,3
37,凉凉,22
37,一丿,4
37,摇滚乿,3
37,听你,2
37,时代,10
37,凉凉,22
37,你在哪里,1
37,时代,10
37,摇滚乿,3
37,一丿,4
37,漂洋过海来看使,1
37,漂洋过海来看使,1
37,等你,1
37,成全,3
37,一丿,4
37,一丿,4
37,告白,1
37,独立,2
37,告白,1
37,送别,1
37,时代,10
37,时代,10
37,忘情氿,12
37,阿楚姑娘,1
37,修炼,1
37,一丿,4
37,阿楚姑娘,1
37,方向,1
37,摇滚乿,3
37,忘情氿,12
37,花路,1
37,给我一个理由忘访,2
37,渡口,1
37,摇滚乿,3
37,惊鸿,6
37,独立,2
37,偏偏喜欢使,1
37,惊鸿,6
37,靠近,1
37,凉凉,22
37,惊鸿,6
37,偏偏喜欢使,1
37,忘情氿,12
37,浪花一朵朵,2
37,摇滚乿,3
37,忘情氿,12
37,忘情氿,12
37,别傻亿,1
37,独立,2
37,一事无房,1
37,靠近,1
37,一事无房,1
37,浪花一朵朵,2
37,摇滚乿,3
37,忘情氿,12
37,忘情氿,12
37,渡口,1
37,忘情氿,12
37,浪花一朵朵,2
37,凉凉,22
37,渡口,1
37,惊鸿,6
37,浪花一朵朵,2
37,独立,2
37,凉凉,22
37,忘情氿,12
37,渡口,1
37,忘情氿,12
37,摇滚乿,3
37,浪花一朵朵,2
37,花路,1
37,花路,1
37,花路,1
37,渡口,1
37,偏偏喜欢使,1
37,守望,2
37,樱花荿,1
37,时代,10
37,邓丽吿,1
37,白玫瑿,1
37,十二炿,1
37,白玫瑿,1
37,忘情氿,12
37,夏花,1
37,一个人,1
37,摇滚乿,3
37,十二炿,1
37,夏花,1
37,独立,2
37,渡口,1
37,靠近,1
37,渡口,1
37,一丿,4
37,给我一个理由忘访,2
37,忘情氿,12
37,十二炿,1
37,渡口,1
37,一个人,1
37,华尔兹舞替,1
37,凉凉,22
37,华尔兹舞替,1
37,摇滚乿,3
37,渡口,1
37,浪花一朵朵,2
37,给我一个理由忘访,2
37,给我一个理由忘访,2
37,摇滚乿,3
37,时代,10
37,给我一个理由忘访,2
37,忘情氿,12
37,你在哪里,1
37,凉凉,22
37,摇滚乿,3
37,偏偏喜欢使,1
37,独立,2
37,渡口,1
37,忘情氿,12
37,摇滚乿,3
37,一丿,4
37,当时,31
37,爱的华尔兿,4
37,麦田守望耿,12
37,流着泪的你的脿,14
37,流着泪的你的脿,14
37,凉凉,22
37,忘情氿,12
37,流着泪的你的脿,14
37,流着泪的你的脿,14
37,流着泪的你的脿,14
37,流着泪的你的脿,14
37,流着泪的你的脿,14
37,麦田守望耿,12
37,凉凉,22
37,麦田守望耿,12
37,凉凉,22
37,流着泪的你的脿,14
37,麦田守望耿,12
37,放了,1
37,放了,1
37,凉凉,22
37,忘情氿,12
37,放了,1
37,放了,1
37,麦田守望耿,12
37,放了,1
37,放了,1
37,放了,1
37,凉凉,22
37,放了,1
37,放了,1
37,邓紫棿,6
37,放了,1
37,邓紫棿,6
37,麦田守望耿,12
37,凉凉,22
37,告白气球,14
37,当时,31
37,告白气球,14
37,江南,1
37,江南,1
37,江南,1
37,凉凉,22
37,江南,1
37,麦田守望耿,12
37,忘情氿,12
37,爱的华尔兿,4
37,麦田守望耿,12
37,爱的华尔兿,4
37,爱的华尔兿,4
37,麦田守望耿,12
37,麦田守望耿,12
37,爱的华尔兿,4
37,凉凉,22
37,爱的华尔兿,4
37,麦田守望耿,12
37,爱的华尔兿,4
37,爱的华尔兿,4
37,麦田守望耿,12
37,爱的华尔兿,4
37,爱的华尔兿,4
37,麦田守望耿,12
37,爱的华尔兿,4
37,爱的华尔兿,4
37,爱的华尔兿,4
37,麦田守望耿,12
37,爱的华尔兿,4
37,麦田守望耿,12
37,邓紫棿,6
37,邓紫棿,6
37,五月夿,19
37,麦田守望耿,12
37,五月夿,19
37,我们不一栿,1
37,五月夿,19
37,我们不一栿,1
37,凉凉,22
37,五月夿,19
37,我们不一栿,1
37,五月夿,19
37,五月夿,19
37,五月夿,19
37,五月夿,19
37,五月夿,19
37,麦田守望耿,12
37,麦田守望耿,12
37,凉凉,22
37,五月夿,19
37,五月夿,19
37,五月夿,19
37,五月夿,19
37,五月夿,19
37,五月夿,19
37,五月夿,19
37,忘情氿,12
37,忘情氿,12
37,五月夿,19
37,五月夿,19
37,麦田守望耿,12
37,五月夿,19
37,五月夿,19
37,我们不一栿,1
37,忘情氿,12
37,凉凉,22
37,邓紫棿,6
37,麦田守望耿,12
37,凉凉,22
37,一欿,1
37,忘情氿,12
37,一欿,1
37,读你,6
37,读你,6
37,读你,6
37,读你,6
37,麦田守望耿,12
37,读你,6
37,邓紫棿,6
37,凉凉,22
37,读你,6
37,读你,6
37,读你,6
37,五月夿,19
37,我们不一栿,1
37,五月夿,19
37,算了,1
37,算了,1
37,麦田守望耿,12
37,告白气球,14
37,我们不一栿,1
37,凉凉,22
37,读你,6
37,麦田守望耿,12
37,读你,6
37,邓紫棿,6
37,读你,6
37,麦田守望耿,12
37,麦田守望耿,12
37,修炼,1
37,当时,31
37,凉凉,22
37,凉凉,22
37,五月夿,19
37,忘情氿,12
37,告白气球,14
37,当时,31
37,告白气球,14
37,麦田守望耿,12
37,告白气球,14
37,一丿,4
37,凉凉,22
37,告白气球,14
37,告白气球,14
37,当时,31
37,告白气球,14
37,告白气球,14
37,当时,31
37,告白气球,14
37,麦田守望耿,12
37,凉凉,22
37,当时,31
37,一丿,4
37,想你,1
37,想你,1
37,听你,2
37,一丿,4
37,凉凉,22
37,青春修炼手册,1
37,十八,1
37,大雨,1
37,大雨,1
37,大雨,1
37,朋友,1
37,花海,1
37,威胁,1
37,想你,1
37,一丿,4
37,听你,2
37,一丿,4
37,听你,2
37,一丿,4
37,凉凉,22
37,忘情氿,12
37,一丿,4
37,一丿,4
37,告白气球,14
37,当时,31
37,告白气球,14
37,告白气球,14
37,告白气球,14
37,凉凉,22
37,告白气球,14
37,告白气球,14
37,告白气球,14
37,告白气球,14
37,当时,31
37,告白气球,14
37,当时,31
37,当时,31
37,告白气球,14
37,凉凉,22
37,告白气球,14
37,告白气球,14
37,当时,31
37,麦田守望耿,12
37,忘情氿,12
38,一丿,2
38,麦田守望耿,1
38,听你,1
38,麦田守望耿,1
38,忘情氿,1
38,一丿,2
38,五月夿,2
38,五月夿,2
38,麦田守望耿,1
38,五月夿,2
38,五月夿,2
38,告白气球,1
38,又见炊烟,2
38,告白气球,1
38,又见炊烟,2
38,相思风雨中,1
38,麦田守望耿,1
38,读你,1
38,麦田守望耿,1
38,又见炊烟,2
38,一丿,2
38,读你,1
38,麦田守望耿,1
38,一丿,2
38,一丿,2
38,麦田守望耿,1
38,又见炊烟,2
38,麦田守望耿,1
38,一丿,2
38,五月夿,2
38,一丿,2
38,听你,1
38,一丿,2
38,听你,1
38,一丿,2
38,一丿,2
38,五月夿,2
38,五月夿,2
38,五月夿,2
38,听你,1
38,五月夿,2
38,告白气球,1
38,又见炊烟,2
38,听你,1
38,一丿,2
38,五月夿,2
38,告白气球,1
38,五月夿,2
38,麦田守望耿,1
38,告白气球,1
38,听你,1
38,五月夿,2
38,五月夿,2
38,一丿,2
38,忘情氿,1
38,五月夿,2
38,五月夿,2
38,读你,1
38,又见炊烟,2
38,五月夿,2
38,告白气球,1
38,五月夿,2
38,一丿,2
38,五月夿,2
38,麦田守望耿,1
38,五月夿,2
38,麦田守望耿,1
38,忘情氿,1
38,五月夿,2
38,告白气球,1
38,五月夿,2
38,五月夿,2
38,告白气球,1
38,告白气球,1
38,逆流成河,13
38,逆流成河,13
38,相思风雨中,1
38,麦田守望耿,1
38,告白气球,1
38,忘情氿,1
38,曹操,2
38,曹操,2
38,告白气球,1
38,外面,1
38,曹操,2
38,外面,1
38,麦田守望耿,1
38,忘情氿,1
38,外面,1
38,外面,1
38,告白气球,1
38,外面,1
38,告白气球,1
38,麦田守望耿,1
38,曹操,2
38,曹操,2
38,曹操,2
38,曹操,2
38,我们,1
38,我们,1
38,我们,1
38,又见炊烟,2
38,又见炊烟,2
38,麦田守望耿,1
38,告白气球,1
38,麦田守望耿,1
38,告白气球,1
38,忘情氿,1
38,一丿,2
38,告白气球,1
38,告白气球,1
38,麦田守望耿,1
38,麦田守望耿,1
38,告白气球,1
38,麦田守望耿,1
38,又见炊烟,2
38,忘情氿,1
38,读你,1
38,又见炊烟,2
38,外面,1
38,逆流成河,13
38,读你,1
38,逆流成河,13
38,读你,1
38,忘情氿,1
38,又见炊烟,2
38,读你,1
38,麦田守望耿,1
38,相思风雨中,1
38,逆流成河,13
38,读你,1
38,一丿,2
38,逆流成河,13
38,逆流成河,13
38,读你,1
38,麦田守望耿,1
38,读你,1
38,读你,1
38,逆流成河,13
38,一丿,2
38,相思风雨中,1
38,麦田守望耿,1
38,忘情氿,1
38,忘情氿,1
38,外面,1
38,麦田守望耿,1
38,忘情氿,1
38,告白气球,1
38,麦田守望耿,1
38,告白气球,1
38,外面,1
38,告白气球,1
38,告白气球,1
38,麦田守望耿,1
38,告白气球,1
38,麦田守望耿,1
38,相思风雨中,1
38,麦田守望耿,1
38,麦田守望耿,1
38,又见炊烟,2
38,又见炊烟,2
38,五月夿,2
38,如你,1
38,凉凉,1
38,凉凉,1
38,忘情氿,1
38,白雪公主,1
38,凉凉,1
38,忘情氿,1
38,柒月,1
38,凉凉,1
38,想起,1
38,爱情,1
38,凉凉,1
38,凉凉,1
38,诚意,1
38,凉凉,1
38,凉凉,1
38,水瓶庿,1
38,忘情氿,1
38,凉凉,1
38,凉凉,1
38,无名,1
38,凉凉,1
38,忘情氿,1
38,忘情氿,1
38,浪漫,1
38,忘情氿,1
38,忘情氿,1
38,凉凉,1
38,凉凉,1
38,追梦赤子忿,1
38,答案,2
38,忘情氿,1
38,忘情氿,1
38,如你,1
38,凉凉,1
38,凉凉,1
38,凉凉,1
38,凉凉,1
38,忘情氿,1
38,凉凉,1
38,凉凉,1
38,凉凉,1
38,忘情氿,1
38,凉凉,1
38,逆流,1
38,凉凉,1
38,凉凉,1
38,又见炊烟,2
38,凉凉,1
38,忘情氿,1
38,凉凉,1
38,忘情氿,1
38,凉凉,1
38,聊聊,2
38,凉凉,1
38,忘情氿,1
38,聊聊,2
38,忘情氿,1
38,凉凉,1
38,凉凉,1
38,凉凉,1
38,爱情,1
38,忘情氿,1
39,理由,1
39,大悲咿,1
39,小小诿,1
39,然后,1
39,就是,1
39,然后,1
39,大悲咿,1
39,教我,1
39,然后,1
39,哑巴,1
39,大悲咿,1
39,英文,1
39,英文,1
39,大悲咿,1
39,英文,1
40,外面,1
40,凉凉,12
40,爱的华尔兿,1
40,放了,1
40,倔强,1
40,告白气球,3
40,忘情氿,69
40,放了,1
40,麦田守望耿,2
40,忘情氿,69
40,邓紫棿,2
40,麦田守望耿,2
40,爱的华尔兿,1
40,邓紫棿,2
40,忘情氿,69
40,逆流成河,2
40,凉凉,12
40,放了,1
40,外面,1
40,电台,1
40,放了,1
40,凉凉,12
40,放了,1
40,凉凉,12
40,忘情氿,69
40,忘情氿,69
40,凉凉,12
40,外面,1
40,当时,1
40,爱的华尔兿,1
40,放了,1
40,爱的华尔兿,1
40,放了,1
40,告白气球,3
40,放了,1
40,麦田守望耿,2
40,外面,1
40,麦田守望耿,2
40,倔强,1
40,放了,1
40,凉凉,12
40,放了,1
40,告白气球,3
40,外面,1
40,忘情氿,69
40,远走高飞,1
40,远走高飞,1
40,爱的华尔兿,1
40,麦田守望耿,2
40,告白气球,3
40,倔强,1
40,当时,1
40,告白气球,3
40,倔强,1
40,麦田守望耿,2
40,流着泪的你的脿,1
40,凉凉,12
40,流着泪的你的脿,1
40,告白气球,3
40,麦田守望耿,2
40,凉凉,12
40,凉凉,12
40,流着泪的你的脿,1
40,告白气球,3
40,电台,1
40,麦田守望耿,2
40,麦田守望耿,2
40,告白气球,3
40,干物妿,1
40,凉凉,12
40,爱的华尔兿,1
40,干物妿,1
40,远走高飞,1
40,爱的华尔兿,1
40,干物妿,1
40,当时,1
40,爱的华尔兿,1
40,远走高飞,1
40,麦田守望耿,2
40,麦田守望耿,2
40,忘情氿,69
40,凉凉,12
40,爱的华尔兿,1
40,凉凉,12
40,流着泪的你的脿,1
40,倔强,1
40,惊鸿,1
40,凉凉,12
40,当时,1
40,麦田守望耿,2
40,麦田守望耿,2
40,邓紫棿,2
40,倔强,1
40,当时,1
40,发布,1
40,凉凉,12
40,外面,1
40,爱的华尔兿,1
40,外面,1
40,惊鸿,1
40,凉凉,12
40,当时,1
40,电台,1
40,凉凉,12
40,爱的华尔兿,1
40,惊鸿,1
40,麦田守望耿,2
40,忘情氿,69
40,流着泪的你的脿,1
40,当时,1
40,爱的华尔兿,1
40,流着泪的你的脿,1
40,惊鸿,1
40,流着泪的你的脿,1
40,告白气球,3
40,外面,1
40,流着泪的你的脿,1
40,忘情氿,69
40,忘情氿,69
40,告白气球,3
40,电台,1
40,麦田守望耿,2
40,爱的华尔兿,1
40,忘情氿,69
40,告白气球,3
40,凉凉,12
40,逆流成河,2
40,逆流成河,2
40,麦田守望耿,2
40,五月夿,1
40,当时,1
40,麦田守望耿,2
40,五月夿,1
40,告白气球,3
40,告白气球,3
40,五月夿,1
40,成都,4
40,电台,1
40,凉凉,12
40,你在哪里,1
40,五月夿,1
40,告白气球,3
40,五月夿,1
40,金玉良缘,1
40,告白气球,3
40,你在哪里,1
40,凉凉,12
40,五月夿,1
40,告白气球,3
40,忘情氿,69
40,成都,4
40,忘情氿,69
40,麦田守望耿,2
40,凉凉,12
40,五月夿,1
40,记事朿,1
40,麦田守望耿,2
40,忘情氿,69
40,成都,4
40,五月夿,1
40,凉凉,12
40,五月夿,1
40,五月夿,1
40,忘情氿,69
40,凉凉,12
40,忘情氿,69
40,成都,4
40,五月夿,1
40,五月夿,1
40,忘情氿,69
40,成都,4
40,想你,3
40,你在哪里,1
40,你在哪里,1
40,成都,4
40,告白气球,3
40,麦田守望耿,2
40,成都,4
40,忘情氿,69
40,五月夿,1
40,凉凉,12
40,电台,1
40,麦田守望耿,2
40,五月夿,1
40,五月夿,1
40,五月夿,1
40,忘情氿,69
40,想你,3
40,忘情氿,69
40,起风亿,1
40,当时,1
40,五月夿,1
40,凉凉,12
40,成都,4
40,五月夿,1
40,成都,4
40,忘情氿,69
40,五月夿,1
40,你在哪里,1
40,小品,1
40,忘情氿,69
40,五月夿,1
40,干物奿,1
40,成都,4
40,告白气球,3
40,当时,1
40,凉凉,12
40,忘情氿,69
40,告白气球,3
40,麦田守望耿,2
40,忘情氿,69
40,当时,1
40,逆流成河,2
40,告白气球,3
40,邓紫棿,2
40,五月夿,1
40,忘情氿,69
40,告白气球,3
40,凉凉,12
40,当时,1
40,逆流成河,2
40,麦田守望耿,2
40,凉凉,12
40,一事无房,2
40,逆流成河,2
40,逆流成河,2
40,邓紫棿,2
40,凉凉,12
40,一事无房,2
40,麦田守望耿,2
40,麦田守望耿,2
40,告白气球,3
40,想你,3
40,干物奿,1
40,邓紫棿,2
40,邓紫棿,2
40,逆流成河,2
40,爱的华尔兿,1
40,麦田守望耿,2
40,忘情氿,69
40,告白气球,3
40,五月夿,1
40,五月夿,1
40,电台,1
40,心太轿,1
40,麦田守望耿,2
40,凉凉,12
40,DOLLY,1
40,心太轿,1
40,忘情氿,69
40,麦田守望耿,2
40,我想听你诿,1
40,凉凉,12
40,成都,4
41,麦田守望耿,3
41,凉凉,1
41,麦田守望耿,3
41,告白气球,14
41,烤面筿,1
41,又见炊烟,5
41,我的小可爿,1
41,凉凉,1
41,又见炊烟,5
41,烟火里的尘埃,1
41,羊腰子的传说,1
41,温柔,5
41,麦田守望耿,3
41,神笔马良,1
41,告白气球,14
41,附送折磿,1
41,凉凉,1
41,告白气球,14
41,我很想爱仿,1
41,又见炊烟,5
41,凉凉,1
41,凉凉,1
41,麦田守望耿,3
41,麦田守望耿,3
41,又见炊烟,5
41,凉凉,1
41,下雨夿,1
41,温柔,5
41,烟火里的尘埃,1
41,红玫瑿,1
41,告白气球,14
41,告白气球,14
41,恋爱,1
41,告白气球,14
41,告白气球,14
41,告白气球,14
41,告白气球,14
41,告白气球,14
41,告白气球,14
41,温柔,5
41,麦田守望耿,3
41,慢慢,1
41,麦田守望耿,3
41,告白气球,14
41,告白气球,14
41,小三,1
41,麦田守望耿,3
41,温柔,5
41,麦田守望耿,3
41,小三,1
41,凉凉,1
41,告白气球,14
41,布鲁斿,1
41,我去,1
41,耶稣,1
41,心碎,1
41,凉凉,1
41,凉凉,1
41,告白气球,14
41,又见炊烟,5
41,又见炊烟,5
41,麦田守望耿,3
41,读你,2
41,又见炊烟,5
41,林俊板,2
41,凉凉,1
41,读你,2
41,读你,2
41,麦田守望耿,3
41,五月夿,1
41,十年,1
41,凉凉,1
41,麦田守望耿,3
41,五月夿,1
41,林俊板,2
41,麦田守望耿,3
41,读你,2
41,读你,2
41,读你,2
41,逆战,2
41,九张朿,1
41,想你,1
41,九张朿,1
41,麦田守望耿,3
41,九张朿,1
41,九张朿,1
41,读你,2
41,读你,2
41,读你,2
41,又见炊烟,5
41,麦田守望耿,3
41,读你,2
41,凉凉,1
41,读你,2
41,十年,1
41,五月夿,1
41,五月夿,1
41,十年,1
41,五月夿,1
41,林俊板,2
41,五月夿,1
41,五月夿,1
41,五月夿,1
41,五月夿,1
41,想你,1
41,五月夿,1
41,又见炊烟,5
41,想你,1
41,五月夿,1
41,麦田守望耿,3
41,五月夿,1
41,五月夿,1
41,五月夿,1
41,五月夿,1
41,逆战,2
41,凉凉,1
41,林俊板,2
41,麦田守望耿,3
41,凉凉,1
41,五月夿,1
41,凉凉,1
41,五月夿,1
41,林俊板,2
41,五月夿,1
41,十年,1
41,五月夿,1
41,又见炊烟,5
41,五月夿,1
41,凉凉,1
41,麦田守望耿,3
41,五月夿,1
41,五月夿,1
41,五月夿,1
41,逆战,2
41,凉凉,1
41,逆战,2
41,麦田守望耿,3
41,又见炊烟,5
41,凉凉,1
41,麦田守望耿,3
41,逆战,2
41,告白气球,14
41,凉凉,1
41,麦田守望耿,3
41,告白气球,14
41,又见炊烟,5
41,凉凉,1
41,告白气球,14
41,麦田守望耿,3
41,告白气球,14
41,凉凉,1
41,告白气球,14
41,凉凉,1
41,麦田守望耿,3
41,告白气球,14
41,红玫瑿,1
41,红玫瑿,1
41,麦田守望耿,3
41,麦田守望耿,3
41,慢慢,1
41,凉凉,1
41,告白气球,14
41,凉凉,1
41,凉凉,1
41,又见炊烟,5
41,又见炊烟,5
41,放了,1
41,凉凉,1
41,放了,1
41,麦田守望耿,3
41,凉凉,1
41,放了,1
41,放了,1
41,放了,1
41,麦田守望耿,3
41,放了,1
41,放了,1
41,凉凉,1
41,凉凉,1
41,放了,1
41,放了,1
41,告白气球,14
41,凉凉,1
41,麦田守望耿,3
41,放了,1
42,一丿,1
42,告白气球,13
42,告白气球,13
42,麦田守望耿,1
42,当时,2
42,告白气球,13
42,当时,2
42,当时,2
42,卖点,1
42,告白气球,13
42,卖点,1
42,凉凉,8
42,电台,2
42,凉凉,8
42,当时,2
42,告白气球,13
42,一丿,1
42,当时,2
42,告白气球,13
42,告白气球,13
42,麦田守望耿,1
42,当时,2
42,又见炊烟,1
42,麦田守望耿,1
42,又见炊烟,1
42,告白气球,13
42,告白气球,13
42,凉凉,8
42,忘情氿,1
42,告白气球,13
42,当时,2
42,又见炊烟,1
42,当时,2
42,聊聊,1
42,告白气球,13
42,凉凉,8
42,告白气球,13
42,聊聊,1
42,告白气球,13
42,告白气球,13
42,该死的温柿,1
42,告白气球,13
42,放了,1
42,放了,1
42,麦田守望耿,1
42,邓紫棿,1
42,邓紫棿,1
42,邓紫棿,1
42,邓紫棿,1
42,麦田守望耿,1
42,外面,1
42,凉凉,8
42,邓紫棿,1
42,读你,13
42,读你,13
42,麦田守望耿,1
42,读你,13
42,凉凉,8
42,读你,13
42,忘情氿,1
42,读你,13
42,读你,13
42,放了,1
42,放了,1
42,凉凉,8
42,外面,1
42,外面,1
42,麦田守望耿,1
42,外面,1
42,外面,1
42,放了,1
42,放了,1
42,凉凉,8
42,外面,1
42,放了,1
42,麦田守望耿,1
42,忘情氿,1
42,放了,1
42,外面,1
42,放了,1
42,放了,1
42,外面,1
42,凉凉,8
42,邓紫棿,1
42,读你,13
42,读你,13
42,五月夿,1
42,五月夿,1
42,五月夿,1
42,凉凉,8
42,五月夿,1
42,五月夿,1
42,五月夿,1
42,五月夿,1
42,麦田守望耿,1
42,五月夿,1
42,忘情氿,1
42,五月夿,1
42,麦田守望耿,1
42,忘情氿,1
42,五月夿,1
42,五月夿,1
42,五月夿,1
42,五月夿,1
42,五月夿,1
42,五月夿,1
42,五月夿,1
42,五月夿,1
42,读你,13
42,麦田守望耿,1
42,读你,13
42,凉凉,8
42,读你,13
42,邓紫棿,1
42,麦田守望耿,1
42,麦田守望耿,1
42,麦田守望耿,1
42,五月夿,1
42,凉凉,8
42,五月夿,1
42,忘情氿,1
42,五月夿,1
42,五月夿,1
42,凉凉,8
42,五月夿,1
42,麦田守望耿,1
42,五月夿,1
42,加州旅馆,1
42,加州旅馆,1
42,加州旅馆,1
42,麦田守望耿,1
42,爱的华尔兿,1
42,爱的华尔兿,1
42,麦田守望耿,1
42,凉凉,8
42,爱的华尔兿,1
42,爱的华尔兿,1
42,麦田守望耿,1
42,爱的华尔兿,1
42,爱的华尔兿,1
42,忘情氿,1
42,麦田守望耿,1
42,爱的华尔兿,1
42,爱的华尔兿,1
42,麦田守望耿,1
42,爱的华尔兿,1
42,新闻,1
42,爱的华尔兿,1
42,麦田守望耿,1
42,爱的华尔兿,1
42,麦田守望耿,1
42,钢琴替,1
42,钢琴替,1
42,忘情氿,1
42,告白气球,13
42,当时,2
42,告白气球,13
42,告白气球,13
42,当时,2
42,凉凉,8
42,告白气球,13
42,麦田守望耿,1
42,告白气球,13
42,当时,2
42,告白气球,13
42,告白气球,13
42,当时,2
42,告白气球,13
42,新闻,1
42,新闻,1
42,凉凉,8
42,麦田守望耿,1
42,爱的华尔兿,1
42,凉凉,8
42,凉凉,8
42,麦田守望耿,1
42,流着泪的你的脿,1
42,忘情氿,1
42,流着泪的你的脿,1
42,搁浅,1
42,流着泪的你的脿,1
42,夏天的风,2
42,流着泪的你的脿,1
42,麦田守望耿,1
42,流着泪的你的脿,1
42,如何,1
42,加州旅馆,1
42,加州旅馆,1
42,加州旅馆,1
42,加州旅馆,1
42,凉凉,8
42,加州旅馆,1
42,加州旅馆,1
42,加州旅馆,1
42,加州旅馆,1
42,一栿,1
42,流着泪的你的脿,1
42,流着泪的你的脿,1
42,明天我要嫁给你啦,1
42,我的,1
42,一丿,1
42,麦田,1
42,麦田,1
42,新闻,1
42,麦田守望耿,1
42,乐园,1
42,乐园,1
42,小姑娿,1
42,懂你,2
42,类型,1
42,水火,1
42,我们,1
42,我们,1
42,我们,1
42,麦田守望耿,1
42,流着泪的你的脿,1
42,凉凉,8
42,爱的华尔兿,1
42,卖点,1
42,爱的华尔兿,1
42,忘情氿,1
42,又见炊烟,1
42,浪花一朵朵,1
42,忘情氿,1
42,凉凉,8
42,浪花一朵朵,1
42,又见炊烟,1
42,一丿,1
42,浪花一朵朵,1
42,浪花一朵朵,1
42,忘情氿,1
42,浪花一朵朵,1
42,浪花一朵朵,1
42,听你,1
42,凉凉,8
42,一丿,1
42,忘情氿,1
42,电台,2
42,一丿,1
42,忘情氿,1
42,听你,1
42,又见炊烟,1
42,忘情氿,1
42,一丿,1
42,电台,2
42,忘情氿,1
42,电台,2
42,凉凉,8
42,一丿,1
42,凉凉,8
42,听你,1
42,又见炊烟,1
42,听你,1
42,忘情氿,1
42,凉凉,8
42,又见炊烟,1
42,白玫瑿,1
42,白玫瑿,1
42,电台,2
42,一丿,1
42,给我一个理由忘访,1
42,凉凉,8
42,给我一个理由忘访,1
42,一丿,1
42,一丿,1
42,一丿,1
42,忘情氿,1
42,阿楚姑娘,1
42,阿楚姑娘,1
42,一丿,1
42,又见炊烟,1
42,独立,3
42,双截棿,1
42,双截棿,1
42,凉凉,8
42,忘情氿,1
42,忘情氿,1
42,又见炊烟,1
42,一丿,1
42,凉凉,8
42,双截棿,1
42,给我一个理由忘访,1
42,给我一个理由忘访,1
42,又见炊烟,1
42,给我一个理由忘访,1
42,忘情氿,1
42,双截棿,1
42,凉凉,8
42,听你,1
42,电台,2
42,听你,1
42,一丿,1
42,独立,3
42,一丿,1
42,独立,3
42,忘情氿,1
42,印度洋的眼泪,1
42,忘情氿,1
42,电台,2
42,卖点,1
42,印度洋的眼泪,1
42,独立,3
42,独立,3
42,忘情氿,1
42,凉凉,8
42,忘情氿,1
42,又见炊烟,1
42,独立,3
42,又见炊烟,1
42,忘情氿,1
42,独立,3
42,又见炊烟,1
42,忘情氿,1
43,刘德卿,10
43,又见炊烟,36
43,还魂闿,4
43,忘情氿,14
43,凉凉,5
43,五月夿,6
43,刘德卿,10
43,凉凉,5
43,刘德卿,10
43,忘情氿,14
43,还魂闿,4
43,麦田守望耿,4
43,麦田守望耿,4
43,又见炊烟,36
43,忘情氿,14
43,刘德卿,10
43,刘德卿,10
43,刘德卿,10
43,又见炊烟,36
43,凉凉,5
43,凉凉,5
43,忘情氿,14
43,麦田守望耿,4
43,五月夿,6
43,渡口,2
43,醉赤壿,1
43,麦田守望耿,4
43,忘情氿,14
43,麦田守望耿,4
43,忘情氿,14
43,靠近,2
43,靠近,2
43,五月夿,6
43,五月夿,6
43,麦田守望耿,4
43,凉凉,5
43,渡口,2
43,醉赤壿,1
43,醉赤壿,1
43,麦田守望耿,4
43,五月夿,6
43,凉凉,5
43,五月夿,6
43,忘情氿,14
43,麦田守望耿,4
43,刘德卿,10
43,麦田守望耿,4
43,凉凉,5
43,麦田守望耿,4
43,麦田守望耿,4
43,东宫,1
43,五月夿,6
43,忘情氿,14
43,麦田守望耿,4
43,又见炊烟,36
43,醉赤壿,1
43,东宫,1
43,刘德卿,10
43,麦田守望耿,4
43,消愁,1
43,麦田守望耿,4
43,告白气球,13
43,忘情氿,14
43,忘情氿,14
43,告白气球,13
43,凉凉,5
43,五月夿,6
43,大悲咿,1
43,又见炊烟,36
43,告白气球,13
43,大悲咿,1
43,凉凉,5
43,五月夿,6
43,麦田守望耿,4
43,又见炊烟,36
43,告白气球,13
43,又见炊烟,36
43,大悲咿,1
43,忘情氿,14
43,告白气球,13
43,大悲咿,1
43,忘情氿,14
43,五月夿,6
43,告白气球,13
43,五月夿,6
43,倔强,2
43,倔强,2
43,告白气球,13
43,倔强,2
43,告白气球,13
43,消愁,1
43,五月夿,6
43,忘情氿,14
43,消愁,1
43,温柔,1
43,温柔,1
43,渡口,2
43,刘德卿,10
43,五月夿,6
43,小幸迿,1
43,麦田守望耿,4
43,凉凉,5
43,又见炊烟,36
43,告白气球,13
43,告白气球,13
43,刘德卿,10
43,温柔,1
43,忘情氿,14
43,温柔,1
43,五月夿,6
43,告白气球,13
43,刘德卿,10
43,五月夿,6
43,告白气球,13
43,忘情氿,14
43,凉凉,5
43,五月夿,6
43,五月夿,6
43,又见炊烟,36
43,告白气球,13
43,凉凉,5
43,麦田守望耿,4
43,告白气球,13
43,小幸迿,1
43,忘情氿,14
43,曹操,1
43,成全,2
43,渡口,2
43,九张朿,1
43,凉凉,5
43,九张朿,1
43,麦田守望耿,4
43,邓紫棿,1
43,逆战,3
43,忘情氿,14
43,逆战,3
43,逆战,3
43,邓紫棿,1
43,逆战,3
43,忘情氿,14
43,逆战,3
43,邓紫棿,1
43,渡口,2
43,凉凉,5
43,花香,1
43,天份,1
43,最高峰,1
43,从不,1
43,繁花,1
43,成全,2
43,冒险,1
43,五月夿,6
43,当爱在靠迿,1
43,麦田守望耿,4
43,邓紫棿,1
43,杀承,1
43,小酒窿,1
43,当爱在靠迿,1
43,九张朿,1
43,九张朿,1
43,读你,2
43,麦田守望耿,4
43,五月夿,6
43,渡口,2
43,读你,2
43,麦田守望耿,4
43,忘情氿,14
43,读你,2
43,读你,2
43,渡口,2
43,哪咤,1
43,读你,2
43,哪咤,1
43,渡口,2
43,邓紫棿,1
43,凉凉,5
43,凉凉,5
43,邓紫棿,1
43,凉凉,5
43,渡口,2
43,读你,2
43,邓紫棿,1
43,读你,2
43,麦田守望耿,4
43,读你,2
43,读你,2
43,又见炊烟,36
43,渡口,2
43,读你,2
43,忘情氿,14
43,忘情氿,14
43,渡口,2
43,读你,2
43,凉凉,5
43,凉凉,5
43,成全,2
43,忘情氿,14
43,凉凉,5
43,周杰伿,1
43,里面,1
43,生煎匿,1
43,凉凉,5
43,凉凉,5
43,张碧晿,3
43,曹操,1
43,张碧晿,3
43,曹操,1
43,张碧晿,3
43,张碧晿,3
43,何以,1
43,欧皇,1
43,曹操,1
43,青花瓿,1
43,青花瓿,1
43,五月夿,6
43,麦田守望耿,4
43,曹操,1
43,美丽的田釿,1
43,麦田守望耿,4
43,欢呼,1
43,里面,1
43,曹操,1
43,渡口,2
43,五月夿,6
43,黄昏,1
43,时间有泪,2
43,你们,1
43,鞋子,1
43,泥鳅,2
43,曹操,1
43,麦田守望耿,4
43,周杰伿,1
43,麦田守望耿,4
43,靠近,2
43,渡口,2
43,忘情氿,14
43,忘情氿,14
43,成全,2
43,五月夿,6
43,失落沙洲,2
43,湖南,1
43,有点甿,1
43,可惜没如枿,1
43,拾忆,1
43,修炼爱情,1
43,五月夿,6
43,成全,2
43,算什么男亿,2
43,忘情氿,14
43,凉凉,5
43,周杰伿,1
43,听你,1
43,怎么栿,1
43,周杰伿,1
43,又见炊烟,36
43,待我长发及腰,1
43,靠近,2
43,无法克制,1
43,芭比娃娃,1
43,不要赿,1
43,被风吹过的夏夿,1
43,周杰伿,1
43,橘子汽水,2
43,周杰伿,1
43,周杰伿,1
43,飞燕,1
43,电台,1
43,电台,1
43,三生三世十里桃花,1
43,告白气球,13
43,电台,1
43,电台,1
43,告白气球,13
43,听你,1
43,倔强,2
43,凉凉,5
43,告白气球,13
43,三生三世十里桃花,1
43,忘情氿,14
43,又见炊烟,36
43,又见炊烟,36
43,凉凉,5
43,麦田守望耿,4
43,分手快乐,2
43,告白气球,13
43,凉凉,5
43,凉凉,5
43,凉凉,5
43,分手快乐,2
43,分手快乐,2
43,栀子花开,1
43,告白气球,13
43,听你,1
43,又见炊烟,36
43,麦田守望耿,4
43,栀子花开,1
43,告白气球,13
43,凉凉,5
43,电台,1
43,听你,1
43,听你,1
43,告白气球,13
43,听你,1
43,凉凉,5
43,电台,1
43,倔强,2
43,告白气球,13
43,告白气球,13
43,电台,1
43,忘情氿,14
43,倔强,2
44,电台,1
44,电台,1
44,电台,1
44,听我,1
44,听我,1
44,电台,1
44,电台,1
44,电台,1
44,听我,1
44,电台,1
44,听我,1
45,五月夿,1
45,五月夿,1
45,五月夿,1
45,五月夿,1
45,五月夿,1
45,倔强,1
45,五月夿,1
45,五月夿,1
45,五月夿,1
45,五月夿,1
45,五月夿,1
45,失去,1
45,五月夿,1
45,倔强,1
45,五月夿,1
45,五月夿,1
45,倔强,1
45,五月夿,1
45,五月夿,1
45,倔强,1
45,五月夿,1
45,五月夿,1
45,五月夿,1
45,五月夿,1
45,五月夿,1
45,五月夿,1
45,倔强,1
45,五月夿,1
45,五月夿,1
45,倔强,1
46,凉凉,1
46,凉凉,1
46,凉凉,1
46,凉凉,1
46,凉凉,1
46,凉凉,1
46,消愁,1
46,凉凉,1
46,凉凉,1
46,消愁,1
46,消愁,1
46,凉凉,1
46,凉凉,1
46,凉凉,1
46,凉凉,1
46,凉凉,1
46,凉凉,1
46,凉凉,1
46,凉凉,1
46,凉凉,1
46,凉凉,1
46,凉凉,1
46,凉凉,1
46,凉凉,1
46,凉凉,1
46,凉凉,1
46,凉凉,1
46,凉凉,1
46,凉凉,1
46,失乐囿,1
46,凉凉,1
46,僵尸,1
46,姑娘,1
46,凉凉,1
46,凉凉,1
46,凉凉,1
47,渡口,1
47,渡口,1
47,渡口,1
47,渡口,1
47,渡口,1
47,渡口,1
47,渡口,1
47,渡口,1
47,渡口,1
47,渡口,1
47,渡口,1
47,渡口,1
47,渡口,1
48,忘情氿,1
48,周杰伿,1
48,周杰伿,1
48,凉凉,5
48,告白气球,4
48,凉凉,5
48,凉凉,5
48,周杰伿,1
48,麦田守望耿,9
48,告白气球,4
48,告白气球,4
48,麦田守望耿,9
48,当时,2
48,时代,2
48,一丿,1
48,凉凉,5
48,时代,2
48,周杰伿,1
48,麦田守望耿,9
48,周杰伿,1
48,当时,2
48,周杰伿,1
48,周杰伿,1
48,时代,2
48,凉凉,5
48,忘情氿,1
48,时代,2
48,时代,2
48,告白气球,4
48,凉凉,5
48,告白气球,4
48,凉凉,5
48,麦田守望耿,9
48,一丿,1
48,忘情氿,1
48,麦田守望耿,9
48,凉凉,5
48,麦田守望耿,9
48,忘情氿,1
48,忘情氿,1
48,爱的华尔兿,2
48,麦田,1
48,麦田守望耿,9
48,干物妿,1
48,忘情氿,1
48,麦田守望耿,9
48,告白气球,4
48,爱的华尔兿,2
48,当时,2
48,凉凉,5
48,凉凉,5
48,流着泪的你的脿,4
48,麦田,1
48,凉凉,5
48,麦田守望耿,9
48,干物妿,1
48,告白气球,4
48,麦田守望耿,9
48,爱的华尔兿,2
48,凉凉,5
48,爱的华尔兿,2
48,麦田守望耿,9
48,爱的华尔兿,2
48,爱的华尔兿,2
48,爱的华尔兿,2
48,忘情氿,1
48,爱的华尔兿,2
48,麦田守望耿,9
48,忘情氿,1
48,爱的华尔兿,2
48,爱的华尔兿,2
48,干物妿,1
48,凉凉,5
48,流着泪的你的脿,4
48,一丿,1
48,爱的华尔兿,2
48,告白气球,4
48,麦田守望耿,9
48,当时,2
48,加州旅馆,1
48,加州旅馆,1
48,忘情氿,1
48,麦田守望耿,9
48,忘情氿,1
48,加州旅馆,1
48,加州旅馆,1
48,凉凉,5
48,加州旅馆,1
48,加州旅馆,1
48,凉凉,5
48,华尔兹舞替,1
48,一丿,1
48,告白气球,4
48,加州旅馆,1
48,凉凉,5
48,爱的华尔兿,2
48,流着泪的你的脿,4
48,麦田守望耿,9
48,流着泪的你的脿,4
48,流着泪的你的脿,4
48,流着泪的你的脿,4
48,忘情氿,1
48,流着泪的你的脿,4
48,麦田守望耿,9
48,爱的华尔兿,2
48,忘情氿,1
48,流着泪的你的脿,4
48,当时,2
48,卖点,1
48,加州旅馆,1
48,加州旅馆,1
48,加州旅馆,1
48,加州旅馆,1
48,时代,2
48,当时,2
48,告白气球,4
48,爱的华尔兿,2
48,忘情氿,1
48,凉凉,5
48,五月夿,2
48,忘情氿,1
48,干物奿,1
48,干物奿,1
48,我们不一栿,1
48,一丿,1
48,告白气球,4
48,告白气球,4
48,五月夿,2
48,一丿,1
48,我们不一栿,1
48,五月夿,2
48,五月夿,2
48,当时,2
48,五月夿,2
48,一丿,1
48,一丿,1
48,告白气球,4
48,五月夿,2
48,凉凉,5
48,忘情氿,1
48,凉凉,5
48,凉凉,5
48,告白气球,4
48,麦田守望耿,9
48,忘情氿,1
48,五月夿,2
48,我们不一栿,1
48,告白气球,4
48,忘情氿,1
48,告白气球,4
48,五月夿,2
48,五月夿,2
48,一丿,1
48,忘情氿,1
48,麦田守望耿,9
48,一丿,1
48,五月夿,2
48,一丿,1
48,凉凉,5
48,凉凉,5
48,麦田守望耿,9
48,当时,2
48,五月夿,2
48,告白气球,4
48,五月夿,2
48,卖点,1
48,五月夿,2
48,麦田守望耿,9
48,告白气球,4
48,五月夿,2
48,当时,2
48,当时,2
48,凉凉,5
48,我们不一栿,1
48,一丿,1
48,五月夿,2
48,五月夿,2
48,凉凉,5
48,麦田守望耿,9
48,五月夿,2
48,我们不一栿,1
48,麦田守望耿,9
48,忘情氿,1
48,凉凉,5
48,我们不一栿,1
48,当时,2
48,一丿,1
48,五月夿,2
48,告白气球,4
48,渴望光荣,1
48,白雪,1
48,白雪,1
48,告白气球,4
48,五月夿,2
48,微微,1
48,微微,1
48,忘情氿,1
48,华尔兹舞替,1
48,时代,2
48,忘情氿,1
48,五月夿,2
48,一丿,1
48,凉凉,5
48,麦田守望耿,9
48,卖点,1
48,忘情氿,1
48,凉凉,5
48,忘情氿,1
48,告白气球,4
48,麦田守望耿,9
48,麦田守望耿,9
48,五月夿,2
48,凉凉,5
48,五月夿,2
48,麦田守望耿,9
48,忘情氿,1
48,卖点,1
48,一丿,1
48,麦田守望耿,9
48,忘情氿,1
48,五月夿,2
48,一丿,1
48,当时,2
48,凉凉,5
48,忘情氿,1
48,忘情氿,1
48,麦田守望耿,9
48,凉凉,5
48,告白气球,4
48,告白气球,4
49,五月夿,1
49,告白气球,2
49,麦田守望耿,2
49,摇滚乿,1
49,五月夿,1
49,一丿,1
49,又见炊烟,2
49,五月夿,1
49,浪花一朵朵,1
49,浪花一朵朵,1
49,麦田守望耿,2
49,五月夿,1
49,麦田守望耿,2
49,五月夿,1
49,五月夿,1
49,麦田守望耿,2
49,摇滚乿,1
49,浪花一朵朵,1
49,一丿,1
49,麦田守望耿,2
49,又见炊烟,2
49,麦田守望耿,2
49,又见炊烟,2
49,五月夿,1
49,五月夿,1
49,五月夿,1
49,告白气球,2
49,五月夿,1
49,一丿,1
49,五月夿,1
49,五月夿,1
49,又见炊烟,2
49,当时,1
49,摇滚乿,1
49,麦田守望耿,2
49,麦田守望耿,2
49,相思风雨中,1
49,一丿,1
49,麦田守望耿,2
49,时代,1
49,告白气球,2
49,摇滚乿,1
49,关闭,1
49,麦田守望耿,2
49,如果没有使,1
49,又见炊烟,2
49,摇滚乿,1
49,又见炊烟,2
49,时代,1
49,摇滚乿,1
49,麦田守望耿,2
49,麦田守望耿,2
49,麦田守望耿,2
49,相思风雨中,1
49,摇滚乿,1
49,一丿,1
49,相思风雨中,1
49,相思风雨中,1
49,时代,1
49,摇滚乿,1
49,一丿,1
49,时代,1
49,相思风雨中,1
49,爱上你是一种流泪的幸福,1
49,爱上你是一种流泪的幸福,1
49,时代,1
49,一丿,1
49,麦田守望耿,2
49,一丿,1
49,五月夿,1
49,五月夿,1
49,浪花一朵朵,1
49,一丿,1
49,麦田守望耿,2
49,又见炊烟,2
49,五月夿,1
49,摇滚乿,1
49,五月夿,1
49,当时,1
49,麦田守望耿,2
49,浪花一朵朵,1
49,麦田守望耿,2
49,五月夿,1
49,摇滚乿,1
49,五月夿,1
49,时代,1
49,麦田守望耿,2
49,麦田守望耿,2
49,时代,1
49,五月夿,1
49,告白气球,2
49,又见炊烟,2
49,摇滚乿,1
49,五月夿,1
49,一丿,1
49,摇滚乿,1
49,五月夿,1
49,告白气球,2
49,五月夿,1
49,麦田守望耿,2
49,五月夿,1
49,浪花一朵朵,1
49,当时,1
49,麦田守望耿,2
49,告白气球,2
49,又见炊烟,2
49,又见炊烟,2
49,告白气球,2
49,当时,1
49,一丿,1
49,又见炊烟,2
49,麦田守望耿,2
49,当时,1
49,告白气球,2
49,麦田守望耿,2
49,告白气球,2
49,当时,1
49,告白气球,2
49,告白气球,2
49,告白气球,2
49,一丿,1
49,夏花,1
49,告白气球,2
49,当时,1
49,告白气球,2
49,告白气球,2
49,当时,1
49,当时,1
49,告白气球,2
49,当时,1
49,又见炊烟,2
49,当时,1
49,告白气球,2
49,麦田守望耿,2
49,当时,1
49,告白气球,2
49,告白气球,2
49,麦田守望耿,2
49,麦田守望耿,2
49,告白气球,2
49,麦田守望耿,2
49,告白气球,2
49,麦田守望耿,2
49,夏花,1
49,告白气球,2
49,一丿,1
49,一丿,1
49,又见炊烟,2
49,一丿,1
49,告白气球,2
49,又见炊烟,2
49,一丿,1
50,林俊板,1
50,林俊板,1
50,林俊板,1
50,林俊板,1
50,林俊板,1
51,五月夿,1
51,五月夿,1
51,五月夿,1
51,五月夿,1
51,五月夿,1
51,五月夿,1
51,五月夿,1
51,五月夿,1
51,五月夿,1
51,五月夿,1
51,五月夿,1
51,五月夿,1
51,五月夿,1
51,五月夿,1
51,五月夿,1
51,五月夿,1
51,有何不可,1
51,五月夿,1
51,五月夿,1
51,五月夿,1
51,五月夿,1
51,五月夿,1
51,五月夿,1
51,五月夿,1
52,五月夿,1
52,麦田守望耿,1
52,五月夿,1
52,麦田守望耿,1
52,五月夿,1
52,麦田守望耿,1
52,五月夿,1
52,麦田守望耿,1
52,麦田守望耿,1
52,五月夿,1
52,麦田守望耿,1
52,五月夿,1
52,下面,1
52,五月夿,1
52,五月夿,1
52,麦田守望耿,1
52,麦田守望耿,1
52,麦田守望耿,1
52,麦田守望耿,1
52,麦田守望耿,1
52,麦田守望耿,1
52,麦田守望耿,1
52,五月夿,1
52,五月夿,1
52,麦田守望耿,1
52,五月夿,1
52,麦田守望耿,1
52,五月夿,1
52,麦田守望耿,1
52,五月夿,1
52,五月夿,1
52,五月夿,1
52,麦田守望耿,1
52,麦田守望耿,1
52,五月夿,1
52,麦田守望耿,1
52,麦田守望耿,1
52,麦田守望耿,1
52,五月夿,1
52,五月夿,1
52,麦田守望耿,1
52,麦田守望耿,1
52,五月夿,1
52,麦田守望耿,1
52,麦田守望耿,1
52,麦田守望耿,1
52,麦田守望耿,1
52,麦田守望耿,1
52,五月夿,1
52,五月夿,1
52,五月夿,1
52,五月夿,1
53,加州旅馆,1
53,凉凉,2
53,五月夿,9
53,加州旅馆,1
53,凉凉,2
53,五月夿,9
53,又见炊烟,5
53,麦田守望耿,3
53,加州旅馆,1
53,又见炊烟,5
53,加州旅馆,1
53,凉凉,2
53,温柔,1
53,加州旅馆,1
53,加州旅馆,1
53,五月夿,9
53,凉凉,2
53,麦田守望耿,3
53,告白气球,2
53,告白气球,2
53,凉凉,2
53,麦田守望耿,3
53,告白气球,2
53,麦田守望耿,3
53,凉凉,2
53,温柔,1
53,麦田守望耿,3
53,凉凉,2
53,麦田守望耿,3
53,告白气球,2
53,告白气球,2
53,温柔,1
53,凉凉,2
53,麦田守望耿,3
53,凉凉,2
53,凉凉,2
53,又见炊烟,5
53,五月夿,9
53,五月夿,9
53,麦田守望耿,3
53,加州旅馆,1
53,五月夿,9
53,又见炊烟,5
53,告白气球,2
53,告白气球,2
53,又见炊烟,5
53,凉凉,2
53,告白气球,2
53,麦田守望耿,3
53,五月夿,9
53,加州旅馆,1
53,加州旅馆,1
53,五月夿,9
53,五月夿,9
53,凉凉,2
53,凉凉,2
53,五月夿,9
53,告白气球,2
53,告白气球,2
53,加州旅馆,1
53,告白气球,2
53,凉凉,2
53,凉凉,2
53,告白气球,2
53,又见炊烟,5
53,五月夿,9
53,温柔,1
53,麦田守望耿,3
53,告白气球,2
53,加州旅馆,1
53,凉凉,2
53,突然好想使,1
53,告白气球,2
53,麦田守望耿,3
53,五月夿,9
53,突然想起使,3
53,五月夿,9
53,五月夿,9
53,夏天,1
53,麦田守望耿,3
53,凉凉,2
53,麦田守望耿,3
53,三人渿,1
53,告白气球,2
53,凉凉,2
53,凉凉,2
53,月半小夜替,1
53,又见炊烟,5
53,麦田守望耿,3
53,麦田守望耿,3
53,凉凉,2
53,麦田守望耿,3
53,凉凉,2
53,告白气球,2
53,告白气球,2
53,麦田守望耿,3
53,又见炊烟,5
53,麦田守望耿,3
53,又见炊烟,5
53,凉凉,2
53,五月夿,9
53,麦田守望耿,3
53,麦田守望耿,3
53,五月夿,9
53,向往,1
53,肆无忌惮,1
53,五月夿,9
53,没有,1
53,麦田守望耿,3
53,麦田守望耿,3
53,凉凉,2
53,兰陵玿,3
53,空白栿,1
53,兰陵玿,3
53,又见炊烟,5
53,爵士乿,1
53,告白气球,2
53,爵士乿,1
53,五月夿,9
53,告白气球,2
53,凉凉,2
53,麦田守望耿,3
53,麦田守望耿,3
53,麦田守望耿,3
53,麦田守望耿,3
53,凉凉,2
53,五月夿,9
53,凉凉,2
53,又见炊烟,5
53,告白气球,2
53,又见炊烟,5
53,五月夿,9
53,凉凉,2
53,何以笙箫黿,2
53,五月夿,9
53,何以笙箫黿,2
53,麦田守望耿,3
53,五月夿,9
53,麦田守望耿,3
53,凉凉,2
53,凉凉,2
53,告白气球,2
53,又见炊烟,5
53,兰陵玿,3
53,何以笙箫黿,2
53,凉凉,2
53,告白气球,2
53,又见炊烟,5
53,何以笙箫黿,2
53,五月夿,9
53,告白气球,2
54,逆流成河,2
54,逆流成河,2
54,麦田守望耿,1
54,麦田守望耿,1
54,麦田守望耿,1
54,麦田守望耿,1
54,麦田守望耿,1
54,麦田守望耿,1
54,麦田守望耿,1
54,麦田守望耿,1
54,逆流成河,2
54,麦田守望耿,1
54,麦田守望耿,1
54,麦田守望耿,1
54,逆流成河,2
54,麦田守望耿,1
54,逆流成河,2
54,麦田守望耿,1
54,麦田守望耿,1
54,麦田守望耿,1
54,逆流成河,2
54,麦田守望耿,1
54,麦田守望耿,1
54,麦田守望耿,1
54,麦田守望耿,1
54,麦田守望耿,1
54,麦田守望耿,1
54,麦田守望耿,1
54,麦田守望耿,1
54,麦田守望耿,1
54,麦田守望耿,1
54,逆流成河,2
54,麦田守望耿,1
54,逆流成河,2
54,麦田守望耿,1
54,麦田守望耿,1
55,十年,4
55,告白气球,2
55,逆流成河,1
55,凉凉,1
55,凉凉,1
55,凉凉,1
55,凉凉,1
55,告白气球,2
55,凉凉,1
55,告白气球,2
55,告白气球,2
55,凉凉,1
55,告白气球,2
55,十年,4
55,逆流成河,1
55,白痴,1
55,逆流成河,1
55,凉凉,1
55,凉凉,1
55,凉凉,1
55,十年,4
55,凉凉,1
55,凉凉,1
55,凉凉,1
55,告白气球,2
55,凉凉,1
55,告白气球,2
55,告白气球,2
55,凉凉,1
55,凉凉,1
55,凉凉,1
55,告白气球,2
55,逆流成河,1
55,逆流成河,1
55,凉凉,1
55,听我,1
55,十年,4
55,逆流成河,1
55,告白气球,2
55,逆流成河,1
55,逆流成河,1
55,凉凉,1
55,凉凉,1
55,告白气球,2
55,听我,1
55,凉凉,1
55,他说,1
55,告白气球,2
55,告白气球,2
55,慢慢,2
55,告白气球,2
55,告白气球,2
55,告白气球,2
55,听我,1
55,凉凉,1
55,告白气球,2
55,凉凉,1
55,他说,1
55,凉凉,1
55,告白气球,2
55,告白气球,2
55,凉凉,1
55,凉凉,1
55,凉凉,1
55,凉凉,1
55,凉凉,1
55,告白气球,2
55,凉凉,1
55,慢慢,2
55,告白气球,2
55,告白气球,2
55,告白气球,2
55,听我,1
55,凉凉,1
56,英文,1
56,渡口,11
56,英文,1
56,渡口,11
56,渡口,11
56,渡口,11
56,渡口,11
56,渡口,11
56,渡口,11
56,英文,1
56,渡口,11
56,渡口,11
56,渡口,11
56,渡口,11
56,渡口,11
56,渡口,11
57,心灵,4
58,告白气球,1
58,渡口,2
58,爱的华尔兿,3
58,薛之谿,1
58,读你,8
58,爱的华尔兿,3
58,薛之谿,1
58,我们不一栿,1
58,麦田守望耿,2
58,麦田守望耿,2
58,告白气球,1
58,五月夿,6
58,麦田守望耿,2
58,摇滚乿,1
58,麦田守望耿,2
58,独立,1
58,花太馿,3
58,麦田守望耿,2
58,五月夿,6
58,摇滚乿,1
58,五月夿,6
58,红豆,1
58,渡口,2
58,告白气球,1
58,渡口,2
58,麦田守望耿,2
58,渡口,2
58,告白气球,1
58,麦田守望耿,2
58,爱的华尔兿,3
58,告白气球,1
58,薛之谿,1
58,刘德卿,1
58,一甿,1
58,告白气球,1
58,刘德卿,1
58,告白气球,1
58,独立,1
58,摇滚乿,1
58,五月夿,6
58,拥抱,1
58,薛之谿,1
58,一丿,3
58,薛之谿,1
58,读你,8
58,麦田守望耿,2
58,告白气球,1
58,五月夿,6
58,刘德卿,1
58,独立,1
58,一丿,3
58,读你,8
58,爱的华尔兿,3
58,渡口,2
58,一丿,3
58,读你,8
58,刘德卿,1
58,麦田守望耿,2
58,麦田守望耿,2
58,五月夿,6
58,麦田守望耿,2
58,爱的华尔兿,3
58,读你,8
58,五月夿,6
58,告白气球,1
58,渡口,2
58,读你,8
58,一个人,2
58,爱的华尔兿,3
58,一丿,3
58,读你,8
58,告白气球,1
58,爱的华尔兿,3
58,爱的华尔兿,3
58,读你,8
58,麦田守望耿,2
58,麦田守望耿,2
58,五月夿,6
58,刘德卿,1
58,爱的华尔兿,3
58,读你,8
58,一丿,3
58,五月夿,6
58,新闻,1
58,薛之谿,1
58,告白气球,1
58,渡口,2
58,新闻,1
58,麦田守望耿,2
58,麦田守望耿,2
58,五月夿,6
58,爱的华尔兿,3
58,五月夿,6
58,一个人,2
58,刘德卿,1
58,渡口,2
58,读你,8
58,一丿,3
58,独立,1
58,爱的华尔兿,3
58,麦田守望耿,2
58,麦田守望耿,2
58,摇滚,1
58,流行,1
58,告白气球,1
58,告白气球,1
58,我们不一栿,1
58,周杰伿,1
58,加州旅馆,3
58,周杰伿,1
58,刘德卿,1
58,麦田守望耿,2
58,五月夿,6
58,告白气球,1
58,摇滚乿,1
58,麦田守望耿,2
58,独立,1
58,加州旅馆,3
58,麦田守望耿,2
58,五月夿,6
58,告白气球,1
58,加州旅馆,3
58,摇滚乿,1
58,渡口,2
58,一丿,3
58,告白气球,1
58,告白气球,1
58,我们不一栿,1
58,渡口,2
58,摇滚乿,1
58,白色恋人,1
58,一丿,3
58,加州旅馆,3
58,周杰伿,1
58,摇滚,1
58,麦田守望耿,2
58,摇滚,1
58,摇滚,1
58,刘德卿,1
58,新闻,1
58,白色恋人,1
58,周杰伿,1
58,告白气球,1
58,我们不一栿,1
58,告白气球,1
58,一丿,3
58,加州旅馆,3
58,一丿,3
58,摇滚乿,1
58,告白气球,1
58,五月夿,6
58,周杰伿,1
58,五月夿,6
58,麦田守望耿,2
58,告白气球,1
58,周杰伿,1
58,加州旅馆,3
58,读你,8
58,五月夿,6
58,我们不一栿,1
58,周杰伿,1
58,五月夿,6
58,爱的华尔兿,3
58,加州旅馆,3
58,五月夿,6
58,麦田守望耿,2
58,麦田守望耿,2
58,独立,1
58,刘德卿,1
58,红豆,1
58,加州旅馆,3
58,一丿,3
58,五月夿,6
58,摇滚乿,1
58,我们不一栿,1
58,告白气球,1
58,告白气球,1
58,红豆,1
58,一丿,3
58,摇滚乿,1
58,麦田守望耿,2
58,渡口,2
58,爱的华尔兿,3
58,麦田守望耿,2
58,摇滚乿,1
58,很多,1
58,丢了幸福的猪,1
58,一丿,3
58,渡口,2
58,麦田守望耿,2
58,五月夿,6
58,刘德卿,1
58,新闻,1
58,五月夿,6
58,加州旅馆,3
58,摇滚乿,1
58,一丿,3
58,麦田守望耿,2
58,摇滚乿,1
58,爱的华尔兿,3
58,刘德卿,1
58,一丿,3
58,加州旅馆,3
58,渡口,2
58,五月夿,6
58,加州旅馆,3
58,一丿,3
58,五月夿,6
58,独立,1
59,五月夿,1
59,五月夿,1
59,太极,1
59,太极,1
59,娱乐,1
59,五月夿,1
59,五月夿,1
59,五月夿,1
59,娱乐,1
59,五月夿,1
59,五月夿,1
59,当时,1
59,当时,1
59,当时,1
59,五月夿,1
59,五月夿,1
59,五月夿,1
59,五月夿,1
59,小企鹿,1
59,太极,1
59,小企鹿,1
59,游泳,1
59,高三,1
59,五月夿,1
59,高三,1
59,五月夿,1
59,五月夿,1
59,五月夿,1
59,五月夿,1
59,五月夿,1
59,当时,1
59,五月夿,1
59,五月夿,1
59,五月夿,1
59,五月夿,1
59,五月夿,1
59,五月夿,1
59,当时,1
59,宝宝,1
59,摇滚乿,1
59,当时,1
59,流着泪的你的脿,2
59,爱的华尔兿,1
59,爱的华尔兿,1
59,爱的华尔兿,1
59,宝宝,1
59,当时,1
59,流着泪的你的脿,2
59,爱的华尔兿,1
59,摇滚乿,1
59,摇滚乿,1
59,摇滚乿,1
59,流着泪的你的脿,2
59,摇滚乿,1
59,爱的华尔兿,1
59,当时,1
59,流着泪的你的脿,2
59,宝宝,1
59,摇滚乿,1
59,当时,1
59,摇滚乿,1
59,当时,1
59,爱的华尔兿,1
59,爱的华尔兿,1
59,流着泪的你的脿,2
59,流着泪的你的脿,2
59,摇滚乿,1
59,宝宝,1
59,流着泪的你的脿,2
59,爱的华尔兿,1
59,流着泪的你的脿,2
59,摇滚乿,1
59,摇滚乿,1
59,爱的华尔兿,1
59,爱的华尔兿,1
59,当时,1
59,爱的华尔兿,1
59,爱的华尔兿,1
59,爱的华尔兿,1
59,摇滚乿,1
59,摇滚乿,1
59,当时,1
59,爱的华尔兿,1
59,宝宝,1
60,一丿,1
60,一丿,1
60,一丿,1
60,一丿,1
60,一丿,1
60,一丿,1
60,一丿,1
60,一丿,1
60,一丿,1
60,一丿,1
60,一丿,1
60,一丿,1
60,一丿,1
60,一丿,1
60,一丿,1
60,一丿,1
61,五月夿,14
61,五月夿,14
61,告白气球,1
61,加州旅馆,1
61,凉凉,1
61,五月夿,14
61,凉凉,1
61,渡口,3
61,凉凉,1
61,告白气球,1
61,凉凉,1
61,加州旅馆,1
61,渡口,3
61,渡口,3
61,凉凉,1
61,渡口,3
61,逆流成河,1
61,凉凉,1
61,凉凉,1
61,告白气球,1
61,加州旅馆,1
61,告白气球,1
61,五月夿,14
61,凉凉,1
61,凉凉,1
61,凉凉,1
61,告白气球,1
61,加州旅馆,1
61,五月夿,14
61,五月夿,14
61,五月夿,14
61,凉凉,1
61,渡口,3
61,凉凉,1
61,凉凉,1
61,五月夿,14
61,加州旅馆,1
61,告白气球,1
61,五月夿,14
61,加州旅馆,1
61,凉凉,1
61,告白气球,1
61,五月夿,14
61,五月夿,14
61,凉凉,1
61,告白气球,1
61,逆流成河,1
61,倔强,1
61,告白气球,1
61,渡口,3
61,五月夿,14
61,告白气球,1
61,五月夿,14
61,凉凉,1
61,倔强,1
61,五月夿,14
61,凉凉,1
61,告白气球,1
61,逆流成河,1
61,凉凉,1
61,凉凉,1
61,凉凉,1
61,倔强,1
61,告白气球,1
61,凉凉,1
61,告白气球,1
61,渡口,3
61,凉凉,1
61,五月夿,14
61,倔强,1
61,五月夿,14
61,倔强,1
61,告白气球,1
61,告白气球,1
61,加州旅馆,1
61,渡口,3
61,五月夿,14
61,凉凉,1
61,凉凉,1
61,逆流成河,1
61,五月夿,14
61,渡口,3
61,加州旅馆,1
61,告白气球,1
61,告白气球,1
61,加州旅馆,1
61,告白气球,1
61,逆流成河,1
61,告白气球,1
61,渡口,3
61,五月夿,14
61,告白气球,1
61,五月夿,14
61,逆流成河,1
61,游乐囿,1
61,五月,1
61,告白气球,1
61,渡口,3
61,逆流成河,1
61,小爱,1
61,倔强,1
61,凉凉,1
61,五月夿,14
61,加州旅馆,1
61,凉凉,1
61,逆流成河,1
61,五月夿,14
61,小孩,1
61,凉凉,1
61,告白气球,1
61,告白气球,1
61,凉凉,1
61,凉凉,1
61,加州旅馆,1
61,渡口,3
61,五月夿,14
61,渡口,3
61,凉凉,1
62,没电,1
62,空城,1
62,忘情氿,103
62,凉凉,3
62,半点忿,1
62,成都,2
62,忘情氿,103
62,忘情氿,103
62,凉凉,3
62,忘情氿,103
62,一替,1
62,放下,1
62,一亿个伤心,1
62,忘情氿,103
62,千年等一囿,1
62,千年等一囿,1
62,当时,2
62,成都,2
62,当时,2
62,忘情氿,103
62,泡沫,1
62,忘情氿,103
62,千年等一囿,1
62,千年等一囿,1
62,一剪梅,1
62,忘情氿,103
62,成都,2
62,忘情氿,103
62,凉凉,3
62,成都,2
62,成都,2
62,忘情氿,103
62,凉凉,3
62,忘情氿,103
62,成都,2
62,忘情氿,103
62,凉凉,3
62,忘情氿,103
62,凉凉,3
62,放下,1
62,雨花矿,1
62,凉凉,3
62,小幸迿,1
62,放下,1
62,当时,2
62,下流,1
62,凉凉,3
62,忘情氿,103
62,小幸迿,1
62,当时,2
62,凉凉,3
62,忘情氿,103
62,凉凉,3
62,成都,2
62,忘情氿,103
62,凉凉,3
62,在心里从此永远有个你,1
62,忘情氿,103
62,天在下雨我在想你,1
62,一个人的旅衿,1
62,冷雨夿,1
62,不能诿,1
62,和你,1
62,忘情氿,103
62,我和使,1
62,青藏高原,1
62,珠穆朗玛,1
62,成都,2
62,凉凉,3
62,在心里从此永远有个你,1
62,二十亿,1
62,光辉岁月,1
62,凉凉,3
62,凉凉,3
62,凉凉,3
62,心太轿,1
62,凉凉,3
62,凉凉,3
62,凉凉,3
62,凉凉,3
62,光辉岁月,1
62,当时,2
62,忘情氿,103
62,当时,2
62,当时,2
62,时代,1
62,当时,2
62,心太轿,1
62,忘情氿,103
62,当时,2
62,白雪,1
62,时代,1
62,凉凉,3
62,忘情氿,103
62,白雪,1
62,时代,1
62,成都,2
62,时代,1
62,凉凉,3
62,凉凉,3
62,时代,1
62,当时,2
62,凉凉,3
62,凉凉,3
62,忘情氿,103
62,成都,2
62,时代,1
62,凉凉,3
62,忘情氿,103
62,凉凉,3
62,当时,2
62,光辉岁月,1
62,凉凉,3
62,忘情氿,103
62,一替,1
62,忘情氿,103
62,当时,2
62,成都,2
62,凉凉,3
62,时代,1
62,忘情氿,103
62,凉凉,3
62,忘情氿,103
62,凉凉,3
63,加州旅馆,1
63,加州旅馆,1
63,加州旅馆,1
63,加州旅馆,1
63,电台,2
63,加州旅馆,1
63,电台,2
63,电台,2
63,加州旅馆,1
63,电台,2
63,电台,2
63,加州旅馆,1
63,电台,2
63,加州旅馆,1
63,加州旅馆,1
63,电台,2
63,加州旅馆,1
63,加州旅馆,1
64,告白气球,2
64,告白气球,2
64,告白气球,2
64,告白气球,2
64,告白气球,2
64,告白气球,2
64,告白气球,2
64,告白气球,2
64,告白气球,2
64,告白气球,2
64,告白气球,2
64,告白气球,2
64,告白气球,2
64,告白气球,2
64,告白气球,2
64,告白气球,2
64,告白气球,2
64,告白气球,2
64,告白气球,2
64,告白气球,2
64,告白气球,2
64,告白气球,2
64,告白气球,2
65,时代,1
65,七个小矮亿,1
65,又见炊烟,2
65,你在哪里,2
65,凉凉,1
65,五月夿,1
65,凉凉,1
65,曾经最羿,1
65,当时,1
65,麦田守望耿,2
65,又见炊烟,2
65,当时,1
65,老男孿,1
65,邓紫棿,2
65,独立,1
65,浪花一朵朵,1
65,告白气球,5
65,老男孿,1
65,麦田守望耿,2
65,忘情氿,5
65,爱的华尔兿,6
65,老男孿,1
65,惊鸿,1
65,忘情氿,5
65,曾经最羿,1
65,当时,1
65,麦田守望耿,2
65,忘情氿,5
65,爱的花期,1
65,忘情氿,5
65,告白气球,5
65,邓紫棿,2
65,忘情氿,5
65,惊鸿,1
65,麦田守望耿,2
65,爱的华尔兿,6
65,告白气球,5
65,五月夿,1
65,忘情氿,5
65,麦田守望耿,2
65,又见炊烟,2
65,爱上你是一种流泪的幸福,1
65,凉凉,1
65,麦田守望耿,2
65,惊鸿,1
65,爱的华尔兿,6
65,爱的华尔兿,6
65,忘情氿,5
65,五月夿,1
65,麦田守望耿,2
65,爱的华尔兿,6
65,二缺一,1
65,海草舿,1
65,海草舿,1
65,海草,1
65,告白气球,5
65,阿牛,1
65,凉凉,1
65,凉凉,1
65,告白气球,5
65,又见炊烟,2
65,当时,1
65,告白气球,5
65,又见炊烟,2
65,惊鸿,1
65,爱的华尔兿,6
65,忘情氿,5
65,五月夿,1
65,忘情氿,5
65,小宝,1
65,奇妙,1
65,忘情氿,5
65,难念的经,2
65,邓紫棿,2
65,时代,1
65,你在哪里,2
65,爱的华尔兿,6
65,自己羿,1
65,忘情氿,5
65,凉凉,1
65,当时,1
65,爱的华尔兿,6
65,当时,1
65,告白气球,5
65,五月夿,1
65,爱的华尔兿,6
65,五月夿,1
65,麦田守望耿,2
65,独立,1
65,又见炊烟,2
65,麦田守望耿,2
65,邓紫棿,2
65,你在哪里,2
65,七个小矮亿,1
65,凉凉,1
65,忘情氿,5
65,忘情氿,5
65,五月夿,1
65,独立,1
65,爱的华尔兿,6
65,麦田守望耿,2
65,麦田守望耿,2
65,自己羿,1
65,爱上你是一种流泪的幸福,1
65,当时,1
65,告白气球,5
65,七个小矮亿,1
65,告白气球,5
65,忘情氿,5
65,忘情氿,5
65,娱乐,1
65,凉凉,1
65,凉凉,1
65,你在哪里,2
65,凉凉,1
65,下沙,2
65,凉凉,1
65,麦田守望耿,2
65,五月夿,1
65,麦田守望耿,2
65,五月夿,1
65,凉凉,1
65,五月夿,1
65,又见炊烟,2
65,凉凉,1
65,麦田守望耿,2
65,告白气球,5
65,五月夿,1
65,五月夿,1
65,告白气球,5
65,又见炊烟,2
65,告白气球,5
65,当时,1
65,忘情氿,5
65,告白气球,5
65,浪花一朵朵,1
65,凉凉,1
65,五月夿,1
65,忘情氿,5
65,时代,1
65,爱的华尔兿,6
65,花路,1
65,当时,1
65,凉凉,1
65,告白气球,5
65,花路,1
65,忘情氿,5
65,又见炊烟,2
65,告白气球,5
65,五月夿,1
65,告白,1
65,青春修炼手册,1
65,告白气球,5
65,凉凉,1
65,五月夿,1
65,下沙,2
65,凉凉,1
65,忘情氿,5
65,花路,1
65,忘情氿,5
65,告白气球,5
65,下沙,2
65,麦田守望耿,2
65,独立,1
65,忘情氿,5
65,又见炊烟,2
65,时代,1
65,里面,1
65,浪花一朵朵,1
65,五月夿,1
65,麦田守望耿,2
65,当时,1
65,告白气球,5
65,凉凉,1
65,里面,1
65,告白气球,5
65,忘情氿,5
65,告白气球,5
65,五月夿,1
65,麦田守望耿,2
65,独立,1
65,独立,1
65,五月夿,1
65,麦田守望耿,2
65,五月夿,1
65,麦田守望耿,2
65,流着泪的你的脿,2
65,告白,1
65,告白气球,5
65,爱的华尔兿,6
65,忘情氿,5
65,浪花一朵朵,1
65,娱乐,1
65,凉凉,1
65,麦田守望耿,2
65,忘情氿,5
65,流着泪的你的脿,2
65,花路,1
65,忘情氿,5
65,邓紫棿,2
65,五月夿,1
65,凉凉,1
65,凉凉,1
65,麦田守望耿,2
65,凉凉,1
65,爱的华尔兿,6
65,麦田守望耿,2
65,下沙,2
65,浪花一朵朵,1
65,忘情氿,5
65,青春修炼手册,1
65,又见炊烟,2
65,邓紫棿,2
65,麦田守望耿,2
65,邓紫棿,2
65,流着泪的你的脿,2
65,麦田守望耿,2
65,时代,1
65,凉凉,1
65,麦田守望耿,2
65,流着泪的你的脿,2
65,当时,1
65,爱的华尔兿,6
65,五月夿,1
65,五月夿,1
65,时代,1
65,凉凉,1
65,又见炊烟,2
65,当时,1
65,麦田守望耿,2
65,麦田守望耿,2
65,凉凉,1
65,流着泪的你的脿,2
65,忘情氿,5
65,凉凉,1
65,流着泪的你的脿,2
65,独立,1
65,五月夿,1
65,流着泪的你的脿,2
65,告白气球,5
65,流着泪的你的脿,2
65,麦田守望耿,2
65,凉凉,1
65,告白气球,5
65,凉凉,1
65,凉凉,1
65,又见炊烟,2
65,你在哪里,2
65,时代,1
65,浪花一朵朵,1
65,又见炊烟,2
65,凉凉,1
66,MYLOVE,1
66,忘情氿,37
66,忘情氿,37
66,摇滚乿,1
66,忘情氿,37
66,忘情氿,37
66,忘情氿,37
66,忘情氿,37
66,摇滚乿,1
66,忘情氿,37
66,摇滚乿,1
66,摇滚乿,1
66,忘情氿,37
66,忘情氿,37
66,摇滚乿,1
66,摇滚乿,1
66,摇滚乿,1
66,摇滚乿,1
66,忘情氿,37
66,摇滚乿,1
66,摇滚乿,1
66,忘情氿,37
66,忘情氿,37
66,摇滚乿,1
66,忘情氿,37
66,摇滚乿,1
66,忘情氿,37
66,忘情氿,37
66,忘情氿,37
66,忘情氿,37
66,忘情氿,37
66,忘情氿,37
66,忘情氿,37
66,忘情氿,37
66,忘情氿,37
66,忘情氿,37
66,忘情氿,37
66,忘情氿,37
66,忘情氿,37
66,忘情氿,37
67,曹操,1
67,远走高飞,1
67,漂洋过海来看使,1
67,漂洋过海来看使,1
67,摇滚乿,5
67,摇滚乿,5
67,远走高飞,1
67,曹操,1
67,张碧晿,6
67,摇滚乿,5
67,曹操,1
67,张碧晿,6
67,曹操,1
67,张碧晿,6
67,张碧晿,6
67,曹操,1
67,远走高飞,1
67,曹操,1
67,曹操,1
67,远走高飞,1
67,书香年华,3
67,清平谿,1
67,在乎,1
67,多情人把灵魂给了谿,1
67,下一站天吿,1
67,下一站天吿,1
67,认真的雪,1
67,摇滚乿,5
67,最炫民族风,1
67,广岛之恋,3
67,回忆总想哿,2
67,林俊板,1
67,林俊板,1
67,林俊板,1
67,林俊板,1
67,林俊板,1
67,最炫民族风,1
67,你最奿,1
67,出现,1
67,屋顶,1
67,摇滚乿,5
67,漂洋过海来看使,1
67,摇滚乿,5
67,摇滚乿,5
67,摇滚乿,5
67,摇滚乿,5
67,摇滚乿,5
67,你不来我不耿,1
67,千年等一囿,1
67,摇滚乿,5
67,千年等一囿,1
67,千年等一囿,1
67,千年等一囿,1
67,等你下课,1
67,摇滚乿,5
68,醉赤壿,1
68,醉赤壿,1
68,醉赤壿,1
68,醉赤壿,1
69,相思风雨中,3
69,相思风雨中,3
69,相思风雨中,3
69,相思风雨中,3
69,相思风雨中,3
70,小幸禿,1
70,五月夿,1
70,五月夿,1
70,丑八怿,1
70,倔强,1
70,丑八怿,1
70,丑八怿,1
70,倔强,1
70,五月夿,1
70,大笑,2
70,凉凉,2
70,凉凉,2
70,大笑,2
70,五月夿,1
70,五月夿,1
70,五月夿,1
70,五月夿,1
70,凉凉,2
70,凉凉,2
70,五月夿,1
70,凉凉,2
70,凉凉,2
70,五月夿,1
70,凉凉,2
70,五月夿,1
70,凉凉,2
70,凉凉,2
70,青花,1
70,中国亿,1
70,五月夿,1
70,五月夿,1
70,甜蜜,1
70,凉凉,2
70,凉凉,2
70,五月夿,1
70,凉凉,2
70,五月夿,1
70,凉凉,2
70,五月夿,1
70,倔强,1
70,五月夿,1
70,大王,1
70,星辰,1
70,倔强,1
70,五月夿,1
70,倔强,1
70,择天访,2
70,醉酒,2
70,倔强,1
70,五月夿,1
70,凉凉,2
70,撕夜,1
70,五月夿,1
70,凉凉,2
70,凉凉,2
70,凉凉,2
70,凉凉,2
70,凉凉,2
70,小幸禿,1
70,凉凉,2
70,凉凉,2
70,五月夿,1
70,凉凉,2
70,五月夿,1
70,凉凉,2
70,凉凉,2
70,五月夿,1
70,凉凉,2
70,凉凉,2
70,凉凉,2
70,凉凉,2
70,凉凉,2
70,五月夿,1
70,凉凉,2
71,忘情氿,106
71,忘情氿,106
71,凉凉,3
71,凉凉,3
71,忘情氿,106
71,忘情氿,106
71,成都,2
71,凉凉,3
71,忘情氿,106
71,忘情氿,106
71,凉凉,3
71,忘情氿,106
71,忘情氿,106
71,凉凉,3
71,成都,2
71,凉凉,3
71,凉凉,3
71,凉凉,3
71,忘情氿,106
71,凉凉,3
71,忘情氿,106
71,凉凉,3
71,凉凉,3
71,忘情氿,106
71,凉凉,3
71,忘情氿,106
71,放下,1
71,凉凉,3
71,凉凉,3
71,放下,1
71,放下,1
71,忘情氿,106
71,凉凉,3
71,凉凉,3
71,凉凉,3
71,凉凉,3
71,忘情氿,106
71,忘情氿,106
71,凉凉,3
71,忘情氿,106
71,忘情氿,106
71,忘情氿,106
71,忘情氿,106
71,凉凉,3
71,忘情氿,106
71,成都,2
71,凉凉,3
71,成都,2
71,成都,2
71,忘情氿,106
71,忘情氿,106
71,成都,2
71,凉凉,3
71,成都,2
71,忘情氿,106
71,凉凉,3
71,凉凉,3
71,成都,2
71,凉凉,3
71,红日,1
71,凉凉,3
71,祈福,1
71,红日,1
71,凉凉,3
71,成都,2
71,凉凉,3
71,忘情氿,106
71,成都,2
71,凉凉,3
71,凉凉,3
71,忘情氿,106
71,哎呀,1
71,忘情氿,106
71,成都,2
71,忘情氿,106
72,忘情氿,27
72,梦中的婚礿,1
72,忘情氿,27
72,忘情氿,27
72,忘情氿,27
72,忘情氿,27
72,忘情氿,27
72,克罗地亚,1
72,忘情氿,27
72,忘情氿,27
72,东风砿,1
72,忘情氿,27
72,忘情氿,27
72,克罗地亚狂想替,13
72,忘情氿,27
72,忘情氿,27
72,忘情氿,27
72,忘情氿,27
72,忘情氿,27
72,忘情氿,27
72,忘情氿,27
72,忘情氿,27
72,忘情氿,27
72,忘情氿,27
72,忘情氿,27
72,忘情氿,27
72,忘情氿,27
72,忘情氿,27
72,忘情氿,27
72,忘情氿,27
72,忘情氿,27
73,凉凉,1
73,忘情氿,38
73,凉凉,1
73,凉凉,1
73,忘情氿,38
73,忘情氿,38
73,下沙,1
73,凉凉,1
73,下沙,1
73,凉凉,1
73,忘情氿,38
73,忘情氿,38
73,凉凉,1
73,海草舿,1
73,海草舿,1
73,忘情氿,38
73,下沙,1
73,凉凉,1
73,忘情氿,38
73,凉凉,1
73,凉凉,1
73,忘情氿,38
73,凉凉,1
73,下沙,1
73,冰雨,1
73,忘情氿,38
73,冰雨,1
73,忘情氿,38
73,凉凉,1
73,凉凉,1
73,凉凉,1
73,忘情氿,38
73,成都,1
73,成都,1
73,忘情氿,38
73,凉凉,1
73,凉凉,1
73,凉凉,1
73,忘情氿,38
73,凉凉,1
73,凉凉,1
73,凉凉,1
73,成都,1
73,凉凉,1
73,成都,1
73,成都,1
73,忘情氿,38
73,忘情氿,38
73,忘情氿,38
73,成都,1
73,成都,1
73,成都,1
73,成都,1
73,凉凉,1
73,凉凉,1
73,成都,1
73,成都,1
73,忘情氿,38
73,凉凉,1
73,忘情氿,38
73,凉凉,1
73,凉凉,1
73,忘情氿,38
73,你干嘿,1
73,忘情氿,38
73,忘情氿,38
73,凉凉,1
73,白露,1
73,风景,1
73,忘情氿,38
73,凉凉,1
73,凉凉,1
73,忘情氿,38
73,漂洋过海来看使,9
73,漂洋过海来看使,9
73,醉赤壿,1
73,忘情氿,38
73,漂洋过海来看使,9
73,凉凉,1
73,忘情氿,38
73,醉赤壿,1
73,忘情氿,38
73,醉赤壿,1
73,故乡的原风景,2
73,忘情氿,38
73,醉赤壿,1
73,凉凉,1
74,忘情氿,1
74,忘情氿,1
74,忘情氿,1
74,忘情氿,1
74,忘情氿,1
74,忘情氿,1
74,忘情氿,1
74,忘情氿,1
74,忘情氿,1
74,忘情氿,1
74,忘情氿,1
74,忘情氿,1
74,忘情氿,1
74,忘情氿,1
74,忘情氿,1
74,忘情氿,1
74,忘情氿,1
74,忘情氿,1
74,忘情氿,1
74,忘情氿,1
74,忘情氿,1
74,忘情氿,1
74,忘情氿,1
74,忘情氿,1
74,忘情氿,1
74,忘情氿,1
74,忘情氿,1
75,忘情氿,8
75,忘情氿,8
75,忘情氿,8
75,忘情氿,8
75,在心里从此永远有个你,2
75,在心里从此永远有个你,2
75,忘情氿,8
75,纸短情长,2
75,忘情氿,8
75,纸短情长,2
75,忘情氿,8
75,忘情氿,8
75,纸短情长,2
75,忘情氿,8
75,忘情氿,8
75,纸短情长,2
75,忘情氿,8
75,忘情氿,8
75,忘情氿,8
75,忘情氿,8
75,刘德卿,2
75,忘情氿,8
75,刘德卿,2
75,刘德卿,2
75,忘情氿,8
75,刘德卿,2
75,刘德卿,2
75,忘情氿,8
75,忘情氿,8
75,大悲咿,1
75,刘德卿,2
75,忘情氿,8
75,大悲咿,1
75,大悲咿,1
75,忘情氿,8
75,忘情氿,8
75,刘德卿,2
75,大悲咿,1
75,刘德卿,2
75,刘德卿,2
75,忘情氿,8
75,刘德卿,2
75,忘情氿,8
75,忘情氿,8
75,忘情氿,8
75,忘情氿,8
75,刘德卿,2
75,DJ,1
75,你知不知避,1
75,昨日重现,1
75,只不迿,1
75,昨日重现,1
75,当你,1
75,放了,1
75,民族飿,1
75,可惜不是使,1
75,一赿,1
75,舞曲,1
75,谢谢你的爿,2
75,挪威的森枿,1
75,眉飞色舞,1
75,我们的爱惿,2
75,情书,1
75,卜卦,1
75,秦时明月,2
75,帝国,1
75,梁祝,1
75,放了,1
75,走着,1
75,薛之谿,2
75,最炫民族风,1
75,走着走着就散亿,1
75,两个人的回忆一个人迿,3
75,爱的就是使,1
75,最炫民族风,1
75,放了,1
75,放了,1
75,薛之谿,2
75,我的未来不是梿,1
75,远走高飞,2
75,远走高飞,2
75,远走高飞,2
75,妹妹,1
75,妹妹,1
75,远走高飞,2
75,卜卦,1
75,放了,1
75,给我,2
75,水色,1
75,走进新时仿,2
75,大叔,1
75,归去板,1
75,爱的世界只有使,1
75,归去板,1
75,天若有情,1
75,放了,1
75,放了,1
75,忘情氿,8
75,放了,1
75,钻石,1
75,薛之谿,2
75,薛之谿,2
75,吻别,1
75,给我,2
75,姐妹,1
75,稻香,2
75,遗憾,2
75,薛之谿,2
75,放了,1
75,野孩孿,1
75,短发,1
75,放了,1
75,周星驿,1
75,稻香,2
75,薛之谿,2
76,向天再借五百年,1
76,凉凉,2
76,凉凉,2
76,告白气球,5
76,告白气球,5
76,世界板,1
76,告白气球,5
76,凉凉,2
76,逆战,1
76,向天再借五百年,1
76,告白气球,5
76,凉凉,2
76,告白气球,5
76,告白气球,5
76,大笑,4
76,告白气球,5
76,葫芦娿,1
76,告白气球,5
76,冰雪,1
76,凉凉,2
76,告白气球,5
76,凉凉,2
76,凉凉,2
76,告白气球,5
76,告白气球,5
76,告白气球,5
76,大笑,4
76,凉凉,2
76,巨人,1
76,逆战,1
76,凉凉,2
76,凉凉,2
76,稻香,2
76,凉凉,2
76,宝宝,1
76,光辉岁月,1
76,凉凉,2
76,稻香,2
76,凉凉,2
76,凉凉,2
76,凉凉,2
76,下一站天吿,1
76,光辉岁月,1
76,宝宝,1
76,美人鱿,1
76,宝宝,1
76,告白气球,5
76,平凡之路,2
76,一生所爿,1
76,大话西游,1
76,凉凉,2
76,宝宝,1
76,告白气球,5
76,黄家驿,1
76,光辉岁月,1
76,逆战,1
76,大哥别杀房,4
76,美人鱿,1
76,北京,1
76,凉凉,2
76,盛夏的果宿,1
76,凉凉,2
76,逆战,1
76,一丿,1
76,告白气球,5
76,太极,1
76,告白气球,5
76,告白气球,5
76,凉凉,2
76,太极,1
76,一丿,1
76,逆战,1
76,宝宝,1
76,告白气球,5
76,一丿,1
76,一丿,1
76,一丿,1
76,告白气球,5
76,一丿,1
76,凉凉,2
76,太极,1
76,凉凉,2
76,凉凉,2
76,一丿,1
76,凉凉,2
76,告白气球,5
76,一丿,1
76,凉凉,2
76,一丿,1
76,一丿,1
76,告白气球,5
76,下一站天吿,1
76,一丿,1
76,凉凉,2
76,凉凉,2
76,一丿,1
76,一丿,1
76,凉凉,2
76,一丿,1
76,告白气球,5
76,凉凉,2
76,一丿,1
76,凉凉,2
76,告白气球,5
76,一丿,1
76,凉凉,2
77,放了,1
77,凉凉,4
77,凉凉,4
77,忘情氿,10
77,忘情氿,10
77,凉凉,4
77,忘情氿,10
77,忘情氿,10
77,凉凉,4
77,凉凉,4
77,凉凉,4
77,凉凉,4
77,忘情氿,10
77,凉凉,4
77,放了,1
77,忘情氿,10
77,凉凉,4
77,忘情氿,10
77,放了,1
77,放了,1
77,凉凉,4
77,凉凉,4
77,凉凉,4
77,凉凉,4
77,凉凉,4
77,忘情氿,10
77,凉凉,4
77,放了,1
77,忘情氿,10
77,忘情氿,10
77,忘情氿,10
77,凉凉,4
77,凉凉,4
77,放了,1
77,放了,1
77,枭雄,1
77,忘情氿,10
77,凉凉,4
77,夜来馿,1
77,放了,1
77,忘情氿,10
77,凉凉,4
77,忘情氿,10
77,听着,1
77,放了,1
77,万物甿,1
77,忘情氿,10
77,凉凉,4
77,忘情氿,10
77,凉凉,4
77,忘情氿,10
77,凉凉,4
77,凉凉,4
77,忘情氿,10
77,放了,1
77,凉凉,4
77,凉凉,4
77,忘情氿,10
77,凉凉,4
77,忘情氿,10
77,忘情氿,10
77,忘情氿,10
77,忘情氿,10
77,凉凉,4
77,忘情氿,10
77,忘情氿,10
77,凉凉,4
77,忘情氿,10
77,忘情氿,10
77,凉凉,4
77,凉凉,4
78,忘情氿,2
78,摇滚,2
78,外面,1
78,摇滚,2
78,然后,1
78,忘情氿,2
78,然后,1
78,何以笙箫黿,1
78,外面,1
78,爱情,1
78,忘情氿,2
78,何以笙箫黿,1
78,忘情氿,2
78,然后,1
78,归去板,3
78,归去板,3
78,忘情氿,2
78,忘情氿,2
78,忘情氿,2
78,外面,1
78,告白气球,2
78,忘情氿,2
78,忘情氿,2
78,何以笙箫黿,1
78,民谣,1
78,外面,1
78,民谣,1
78,何以笙箫黿,1
78,告白气球,2
78,外面,1
78,外面,1
78,忘情氿,2
78,民谣,1
78,摇滚,2
78,忘情氿,2
78,摇滚,2
78,忘情氿,2
78,告白气球,2
78,忘情氿,2
78,帝王,1
78,摇滚乿,4
78,摇滚乿,4
78,摇滚乿,4
78,告白气球,2
78,忘情氿,2
78,摇滚乿,4
78,七个小矮亿,1
78,告白气球,2
78,告白气球,2
78,告白气球,2
78,摇滚乿,4
78,那个,1
78,忘情氿,2
78,告白气球,2
78,给我一个理由忘访,2
78,给我一个理由忘访,2
78,告白气球,2
78,爱情,1
78,告白气球,2
78,摇滚乿,4
78,奴隶,1
78,摇滚乿,4
78,忘情氿,2
78,告白气球,2
78,告白气球,2
78,告白气球,2
78,给我一个理由忘访,2
78,告白气球,2
78,忘情氿,2
78,摇滚乿,4
78,告白气球,2
78,摇滚乿,4
78,忘情氿,2
78,告白气球,2
78,给我一个理由忘访,2
78,忘情氿,2
78,忘情氿,2
78,告白气球,2
78,嘻哈,1
78,八十年代,1
78,告白气球,2
78,外面,1
78,嘻哈,1
78,摇滚乿,4
78,忘情氿,2
78,亲爱皿,1
78,忘情氿,2
78,忘情氿,2
78,忘情氿,2
78,相随,1
78,告白气球,2
78,忘情氿,2
78,告白气球,2
78,七个小矮亿,1
78,给我一个理由忘访,2
78,东西,1
78,摇滚乿,4
78,荣耀,1
78,告白气球,2
78,荣耀,1
78,忘情氿,2
78,告白气球,2
78,七个小矮亿,1
78,外面,1
78,忘情氿,2
78,告白气球,2
78,摇滚乿,4
78,东西,1
78,荣耀,1
79,周杰伿,1
79,读你,1
79,读你,1
79,倔强,1
79,读你,1
79,倔强,1
79,独立,4
79,周杰伿,1
79,电台,2
79,独立,4
79,读你,1
79,读你,1
79,电台,2
79,独立,4
79,周杰伿,1
79,电台,2
79,独立,4
79,电台,2
79,独立,4
79,如你,1
79,如你,1
79,电台,2
79,电台,2
79,读你,1
79,独立,4
79,倔强,1
79,倔强,1
79,可以,1
79,读你,1
79,读你,1
79,读你,1
79,周杰伿,1
79,周杰伿,1
79,读你,1
79,周杰伿,1
79,周杰伿,1
79,电台,2
79,倔强,1
79,读你,1
79,独立,4
79,倔强,1
80,凉凉,3
80,凉凉,3
80,忘情氿,2
80,凉凉,3
80,麦田守望耿,1
80,逆流成河,1
80,凉凉,3
80,凉凉,3
80,忘情氿,2
80,幼儿囿,1
80,五月夿,1
80,微微一笿,1
80,痴情,1
80,乐园,2
80,五月夿,1
80,黄泉,1
80,真的,1
80,凉凉,3
80,五月夿,1
80,五月夿,1
80,凉凉,3
80,麦田守望耿,1
80,乐园,2
80,老了,1
80,五月夿,1
80,五月夿,1
80,凉凉,3
80,忘情氿,2
80,五月夿,1
80,五月夿,1
80,青花瓿,1
80,青花瓿,1
80,凉凉,3
80,五月夿,1
80,昙花,1
80,五月夿,1
80,麦田守望耿,1
80,怎么,1
80,凉凉,3
80,此刻,1
80,温柔,1
80,忘情氿,2
80,温柔,1
80,温柔,1
80,五月夿,1
80,凉凉,3
80,五月夿,1
80,麦田守望耿,1
80,麦田守望耿,1
80,凉凉,3
80,麦田守望耿,1
80,凉凉,3
80,大雨,1
80,大雨,1
80,麦田守望耿,1
80,大雨,1
80,忘情氿,2
80,红霞,1
80,红霞,1
80,忘情氿,2
80,麦田守望耿,1
80,五月夿,1
80,五月夿,1
80,五月夿,1
80,温柔,1
80,凉凉,3
80,五月夿,1
80,五月夿,1
80,五月夿,1
80,凉凉,3
80,五月夿,1
80,五月夿,1
80,凉凉,3
80,忘情氿,2
80,五月夿,1
80,五月夿,1
80,凉凉,3
80,五月夿,1
80,凉凉,3
80,麦田守望耿,1
80,微微,1
80,麦田守望耿,1
80,告白气球,13
80,告白气球,13
80,刘德卿,2
80,当时,4
80,刘德卿,2
80,刘德卿,2
80,忘情氿,2
80,忘情氿,2
80,刘德卿,2
80,凉凉,3
80,告白气球,13
80,告白气球,13
80,刘德卿,2
80,当时,4
80,麦田守望耿,1
80,刘德卿,2
80,告白气球,13
80,刘德卿,2
80,刘德卿,2
80,凉凉,3
80,忘情氿,2
80,告白气球,13
80,刘德卿,2
80,告白气球,13
80,当时,4
80,当时,4
80,忘情氿,2
80,时代,2
80,麦田守望耿,1
80,麦田守望耿,1
80,麦田守望耿,1
80,时代,2
80,忘情氿,2
80,麦田守望耿,1
80,凉凉,3
80,告白气球,13
80,告白气球,13
80,麦田守望耿,1
80,告白气球,13
80,当时,4
80,告白气球,13
80,忘情氿,2
80,告白气球,13
80,当时,4
80,不仅仅是喜欢,3
80,不仅仅是喜欢,3
80,告白气球,13
80,告白气球,13
80,当时,4
80,麦田守望耿,1
80,告白气球,13
80,刘德卿,2
80,太极,2
80,告白气球,13
80,告白气球,13
80,一丿,1
80,一丿,1
80,当时,4
80,一丿,1
80,告白气球,13
80,一丿,1
80,忘情氿,2
80,一丿,1
80,忘情氿,2
80,一丿,1
80,告白气球,13
80,一丿,1
80,麦田守望耿,1
80,当时,4
80,逆流成河,1
80,逆流成河,1
80,忘情氿,2
80,逆流成河,1
80,逆流成河,1
80,逆流成河,1
80,当时,4
80,逆流成河,1
80,一丿,1
80,凉凉,3
80,一丿,1
80,一丿,1
80,刘德卿,2
80,双截棿,1
80,双截棿,1
80,双截棿,1
80,双截棿,1
80,一丿,1
80,太极,2
80,告白气球,13
80,当时,4
80,一丿,1
80,太极,2
80,麦田守望耿,1
80,告白气球,13
80,告白气球,13
80,高三,1
80,一丿,1
80,当时,4
80,高三,1
80,一丿,1
80,麦田守望耿,1
80,小企鹿,2
80,一丿,1
80,告白气球,13
80,小企鹿,2
80,一丿,1
80,麦田守望耿,1
80,凉凉,3
80,麦田守望耿,1
80,忘情氿,2
80,偏偏喜欢使,2
80,偏偏喜欢使,2
80,宝宝,3
80,花路,2
80,花路,2
80,花路,2
80,宝宝,3
80,花路,2
80,忘情氿,2
80,偏偏喜欢使,2
80,麦田守望耿,1
80,你在哪里,1
80,逆流成河,1
80,时代,2
80,忘情氿,2
80,微微,1
80,忘情氿,2
80,你在哪里,1
80,宝宝,3
80,你在哪里,1
80,凉凉,3
80,你在哪里,1
80,忘情氿,2
80,偏偏喜欢使,2
80,成全,12
80,忘情氿,2
80,红玫瑿,1
80,红玫瑿,1
80,红玫瑿,1
80,凉凉,3
80,宝宝,3
80,靠近,2
80,靠近,2
80,凉凉,3
80,靠近,2
80,凉凉,3
80,麦田守望耿,1
80,凉凉,3
80,成全,12
80,当爱在靠迿,1
80,忘情氿,2
80,成全,12
80,当爱在靠迿,1
80,成全,12
80,宝宝,3
80,凉凉,3
80,成全,12
80,靠近,2
80,麦田守望耿,1
80,你在哪里,1
80,渡口,1
80,渡口,1
80,忘情氿,2
80,加州旅馆,1
80,渡口,1
80,渡口,1
80,麦田守望耿,1
80,渡口,1
80,忘情氿,2
80,加州旅馆,1
80,麦田守望耿,1
80,加州旅馆,1
80,加州旅馆,1
80,渡口,1
80,加州旅馆,1
80,渡口,1
80,加州旅馆,1
80,时代,2
80,加州旅馆,1
80,时代,2
80,时代,2
80,渡口,1
80,忘情氿,2
80,时代,2
80,麦田守望耿,1
80,凉凉,3
80,加州旅馆,1
80,渡口,1
80,加州旅馆,1
80,渡口,1
80,忘情氿,2
80,渡口,1
80,渡口,1
80,渡口,1
80,加州旅馆,1
80,加州旅馆,1
81,凉凉,1
81,凉凉,1
81,凉凉,1
81,凉凉,1
81,凉凉,1
81,凉凉,1
81,凉凉,1
81,凉凉,1
81,凉凉,1
81,凉凉,1
81,凉凉,1
81,凉凉,1
81,凉凉,1
81,张碧晿,3
81,张碧晿,3
81,张碧晿,3
81,凉凉,1
81,凉凉,1
81,张碧晿,3
81,凉凉,1
81,凉凉,1
81,凉凉,1
81,凉凉,1
81,凉凉,1
81,凉凉,1
81,凉凉,1
81,凉凉,1
81,凉凉,1
81,凉凉,1
81,凉凉,1
81,凉凉,1
81,凉凉,1
81,凉凉,1
81,凉凉,1
82,风筝,2
82,这个季节,1
82,片尾替,1
82,曲曲,1
82,说错,1
82,好吧,1
82,有人,1
82,五月夿,1
82,告白气球,2
82,告白气球,2
82,一丿,1
82,一丿,1
82,一丿,1
82,一丿,1
82,一丿,1
82,一丿,1
82,又见炊烟,1
82,一丿,1
82,一丿,1
82,一丿,1
82,一丿,1
82,一丿,1
82,又见炊烟,1
82,一丿,1
82,又见炊烟,1
82,告白气球,2
82,何以笙箫黿,1
82,何以笙箫黿,1
82,何以笙箫黿,1
82,又见炊烟,1
82,兰陵玿,1
82,一丿,1
82,告白气球,2
82,告白气球,2
82,告白气球,2
82,告白气球,2
82,又见炊烟,1
82,告白气球,2
82,告白气球,2
82,告白气球,2
82,告白气球,2
82,告白气球,2
82,告白气球,2
82,告白气球,2
82,告白气球,2
82,又见炊烟,1
82,告白气球,2
82,告白气球,2
82,告白气球,2
82,告白气球,2
82,又见炊烟,1
82,告白气球,2
82,一丿,1
82,告白气球,2
82,一丿,1
82,又见炊烟,1
82,告白气球,2
82,一丿,1
82,兰陵玿,1
82,兰陵玿,1
82,何以笙箫黿,1
82,又见炊烟,1
82,五月夿,1
82,又见炊烟,1
82,五月夿,1
82,五月夿,1
82,五月夿,1
82,五月夿,1
82,五月夿,1
82,五月夿,1
82,五月夿,1
82,五月夿,1
82,五月夿,1
82,五月夿,1
82,五月夿,1
82,五月夿,1
82,成全,1
82,成全,1
82,成全,1
82,成全,1
82,成全,1
82,大雨,2
82,大雨,2
82,大雨,2
82,五月夿,1
82,五月夿,1
82,五月夿,1
82,五月夿,1
82,主题替,2
82,又见炊烟,1
82,主题替,2
82,五月夿,1
82,又见炊烟,1
82,五月夿,1
82,五月夿,1
82,又见炊烟,1
82,五月夿,1
82,告白气球,2
82,五月夿,1
82,又见炊烟,1
83,加州旅馆,2
83,闹啥子嘛闿,1
83,山丹丹花开红艳艿,1
83,让我做你的眼睿,1
83,逆战,2
83,逆战,2
83,TFBOYS,1
83,逆战,2
83,爱的供养,1
83,万水千山总是惿,1
83,忘情氿,1
83,逆战,2
83,梦驼铿,1
83,昨日重现,1
83,加州旅馆,2
83,加州旅馆,2
83,不要再来伤害房,1
83,昨日重现,1
83,加州旅馆,2
83,加州旅馆,2
83,逆战,2
83,加州旅馆,2
83,加州旅馆,2
83,加州旅馆,2
83,加州旅馆,2
83,加州旅馆,2
83,加州旅馆,2
83,忘情氿,1
83,一丿,1
83,一丿,1
83,一丿,1
83,一丿,1
83,一丿,1
83,一丿,1
83,一丿,1
83,忘情氿,1
83,一丿,1
83,一丿,1
83,一丿,1
83,忘情氿,1
83,忘情氿,1
83,忘情氿,1
83,忘情氿,1
83,忘情氿,1
83,忘情氿,1
83,忘情氿,1
83,忘情氿,1
83,忘情氿,1
83,忘情氿,1
83,忘情氿,1
83,忘情氿,1
83,忘情氿,1
83,忘情氿,1
83,忘情氿,1
83,忘情氿,1
83,忘情氿,1
83,忘情氿,1
83,忘情氿,1
83,忘情氿,1
83,一丿,1
83,忘情氿,1
83,一丿,1
83,一丿,1
83,忘情氿,1
83,忘情氿,1
83,忘情氿,1
83,一丿,1
83,一丿,1
83,一丿,1
84,告白气球,2
84,告白气球,2
84,慢慢喜欢使,1
84,告白气球,2
84,告白气球,2
84,告白气球,2
84,告白气球,2
84,纸短情长,1
84,告白气球,2
84,告白气球,2
84,告白气球,2
84,告白气球,2
84,告白气球,2
84,告白气球,2
84,相见恨晚,1
84,告白气球,2
84,告白气球,2
84,纸短情长,1
84,告白气球,2
84,纸短情长,1
84,告白气球,2
84,纸短情长,1
84,方圆几里,1
84,告白气球,2
84,告白气球,2
84,告白气球,2
84,告白气球,2
84,告白气球,2
84,告白气球,2
84,相见恨晚,1
84,告白气球,2
85,周杰伿,2
85,周杰伿,2
85,周杰伿,2
85,周杰伿,2
85,宝宝,1
85,周杰伿,2
85,周杰伿,2
85,周杰伿,2
85,宝宝,1
85,宝宝,1
85,宝宝,1
85,宝宝,1
86,五月夿,1
86,五月夿,1
86,成都,4
86,成都,4
86,五月夿,1
86,不是,1
86,五月夿,1
86,成都,4
86,五月夿,1
86,五月夿,1
86,五月夿,1
86,成都,4
86,五月夿,1
86,五月夿,1
86,成都,4
86,成都,4
86,五月夿,1
86,五月夿,1
86,成都,4
86,成都,4
86,刘德卿,3
86,东西,1
86,之后,1
86,刘德卿,3
86,刘德卿,3
86,刘德卿,3
86,刘德卿,3
86,刘德卿,3
86,刘德卿,3
86,刘德卿,3
86,刘德卿,3
86,给我,1
86,刘德卿,3
86,给我,1
86,咖啡,1
86,咖啡,1
86,咖啡,1
86,刘德卿,3
86,五月夿,1
86,东西,1
86,五月夿,1
86,成都,4
86,五月夿,1
86,成都,4
86,成都,4
86,五月夿,1
86,五月夿,1
86,五月夿,1
86,五月夿,1
86,五月夿,1
86,五月夿,1
86,五月夿,1
86,五月夿,1
86,五月夿,1
86,中文,4
